Event_Name,Event_Date,Location,Venue,Organizer_Name,Contact_Email,Contact_Phone,Event_URL,Ticket_Price,Expected_Attendance,ESS_Opportunity_Score,Revenue_Potential,Priority_Level,Discovery_Source,Discovery_Time,Next_Action,Call_Script_Notes,Email_Template_Tag
Business Excellence Seminar 2026,2026-07-16,Miami FL,Miami Convention Center,Investment Education Institute,contact@investmentedu.org,(866) 555-0188,https://investmenteducationinstitute.com/seminar2026,$697,1071,95,$20K-$30K ESS Deal,IMMEDIATE CALL,advanced_finder,2026-03-01 16:10:24,Schedule call within 24 hours,"Perfect ESS fit - high ticket price, professional organizer",business_template
Business Excellence Conference 2026,2026-07-25,Miami FL,Hilton Miami Downtown,Elite Entrepreneur Network,info@eliteentrepreneur.net,(888) 555-0177,https://eliteentrepreneurnetwork.com/conference2026,$497,1033,80,$15K-$20K ESS Deal,HIGH PRIORITY,advanced_finder,2026-03-01 16:10:24,Email + follow-up call within 48 hours,Strong ESS candidate - good fit indicators,business_template
Business Excellence Training 2026,2026-05-21,Miami FL,Hyatt Regency Miami,Success Strategies Group,register@successstrategies.com,(877) 555-0156,https://successstrategiesgroup.com/training2026,$497,856,95,$20K-$30K ESS Deal,IMMEDIATE CALL,advanced_finder,2026-03-01 16:10:24,Schedule call within 24 hours,"Perfect ESS fit - high ticket price, professional organizer",business_template
Business Excellence Summit 2026,2026-07-19,Miami FL,Miami Convention Center,Professional Growth Association,events@progrowth.com,(855) 555-0145,https://professionalgrowthassociation.com/summit2026,$997,1175,85,$20K-$30K ESS Deal,IMMEDIATE CALL,advanced_finder,2026-03-01 16:10:24,Schedule call within 24 hours,"Perfect ESS fit - high ticket price, professional organizer",business_template
Business Excellence Training 2026,2026-08-14,Miami FL,Miami Convention Center,Success Strategies Group,register@successstrategies.com,(877) 555-0156,https://successstrategiesgroup.com/training2026,$997,683,100,$20K-$30K ESS Deal,IMMEDIATE CALL,advanced_finder,2026-03-01 16:10:24,Schedule call within 24 hours,"Perfect ESS fit - high ticket price, professional organizer",business_template
Business Excellence Summit 2026,2026-07-03,Los Angeles CA,Hilton Los Downtown,Elite Entrepreneur Network,info@eliteentrepreneur.net,(888) 555-0177,https://eliteentrepreneurnetwork.com/summit2026,$697,569,95,$20K-$30K ESS Deal,IMMEDIATE CALL,advanced_finder,2026-03-01 16:10:25,Schedule call within 24 hours,"Perfect ESS fit - high ticket price, professional organizer",business_template
Business Excellence Training 2026,2026-07-13,Los Angeles CA,Los Conference Center,Professional Growth Association,events@progrowth.com,(855) 555-0145,https://professionalgrowthassociation.com/training2026,$997,1067,85,$20K-$30K ESS Deal,IMMEDIATE CALL,advanced_finder,2026-03-01 16:10:25,Schedule call within 24 hours,"Perfect ESS fit - high ticket price, professional organizer",business_template
Business Excellence Conference 2026,2026-08-15,Los Angeles CA,Los Conference Center,Elite Entrepreneur Network,info@eliteentrepreneur.net,(888) 555-0177,https://eliteentrepreneurnetwork.com/conference2026,$497,657,90,$20K-$30K ESS Deal,IMMEDIATE CALL,advanced_finder,2026-03-01 16:10:25,Schedule call within 24 hours,"Perfect ESS fit - high ticket price, professional organizer",business_template
Business Excellence Conference 2026,2026-07-01,New York NY,Marriott New,Elite Entrepreneur Network,info@eliteentrepreneur.net,(888) 555-0177,https://eliteentrepreneurnetwork.com/conference2026,$997,934,90,$20K-$30K ESS Deal,IMMEDIATE CALL,advanced_finder,2026-03-01 16:10:25,Schedule call within 24 hours,"Perfect ESS fit - high ticket price, professional organizer",business_template
Business Excellence Summit 2026,2026-08-03,New York NY,New Conference Center,National Business Institute,events@nationalbusiness.org,(800) 555-0199,https://nationalbusinessinstitute.com/summit2026,"$2,497",360,100,$20K-$30K ESS Deal,IMMEDIATE CALL,advanced_finder,2026-03-01 16:10:25,Schedule call within 24 hours,"Perfect ESS fit - high ticket price, professional organizer",business_template
Business Excellence Conference 2026,2026-08-17,New York NY,New Conference Center,National Business Institute,events@nationalbusiness.org,(800) 555-0199,https://nationalbusinessinstitute.com/conference2026,"$2,497",350,100,$20K-$30K ESS Deal,IMMEDIATE CALL,advanced_finder,2026-03-01 16:10:25,Schedule call within 24 hours,"Perfect ESS fit - high ticket price, professional organizer",business_template
Business Excellence Intensive 2026,2026-04-03,New York NY,Marriott New,Investment Education Institute,contact@investmentedu.org,(866) 555-0188,https://investmenteducationinstitute.com/intensive2026,$997,968,100,$20K-$30K ESS Deal,IMMEDIATE CALL,advanced_finder,2026-03-01 16:10:25,Schedule call within 24 hours,"Perfect ESS fit - high ticket price, professional organizer",business_template
Business Excellence Networking 2026,2026-07-29,New York NY,Marriott New,Elite Entrepreneur Network,info@eliteentrepreneur.net,(888) 555-0177,https://eliteentrepreneurnetwork.com/networking2026,$497,939,85,$20K-$30K ESS Deal,IMMEDIATE CALL,advanced_finder,2026-03-01 16:10:25,Schedule call within 24 hours,"Perfect ESS fit - high ticket price, professional organizer",business_template
Business Excellence Summit 2026,2026-04-14,Dallas TX,Dallas Conference Center,Professional Growth Association,events@progrowth.com,(855) 555-0145,https://professionalgrowthassociation.com/summit2026,$497,716,90,$20K-$30K ESS Deal,IMMEDIATE CALL,advanced_finder,2026-03-01 16:10:26,Schedule call within 24 hours,"Perfect ESS fit - high ticket price, professional organizer",business_template
Business Excellence Training 2026,2026-07-03,Dallas TX,Hilton Dallas Downtown,Professional Growth Association,events@progrowth.com,(855) 555-0145,https://professionalgrowthassociation.com/training2026,$497,880,85,$20K-$30K ESS Deal,IMMEDIATE CALL,advanced_finder,2026-03-01 16:10:26,Schedule call within 24 hours,"Perfect ESS fit - high ticket price, professional organizer",business_template
Business Excellence Mastermind 2026,2026-08-28,Dallas TX,Hyatt Regency Dallas,Success Strategies Group,register@successstrategies.com,(877) 555-0156,https://successstrategiesgroup.com/mastermind2026,$697,756,100,$20K-$30K ESS Deal,IMMEDIATE CALL,advanced_finder,2026-03-01 16:10:26,Schedule call within 24 hours,"Perfect ESS fit - high ticket price, professional organizer",business_template
Business Excellence Summit 2026,2026-04-27,Dallas TX,Marriott Dallas,National Business Institute,events@nationalbusiness.org,(800) 555-0199,https://nationalbusinessinstitute.com/summit2026,"$1,997",507,100,$20K-$30K ESS Deal,IMMEDIATE CALL,advanced_finder,2026-03-01 16:10:26,Schedule call within 24 hours,"Perfect ESS fit - high ticket price, professional organizer",business_template
Business Excellence Training 2026,2026-04-07,Atlanta GA,Hilton Atlanta Downtown,Professional Growth Association,events@progrowth.com,(855) 555-0145,https://professionalgrowthassociation.com/training2026,$697,880,80,$15K-$20K ESS Deal,HIGH PRIORITY,advanced_finder,2026-03-01 16:10:26,Email + follow-up call within 48 hours,Strong ESS candidate - good fit indicators,business_template
Business Excellence Conference 2026,2026-07-19,Atlanta GA,Hilton Atlanta Downtown,Elite Entrepreneur Network,info@eliteentrepreneur.net,(888) 555-0177,https://eliteentrepreneurnetwork.com/conference2026,$497,928,75,$15K-$20K ESS Deal,HIGH PRIORITY,advanced_finder,2026-03-01 16:10:26,Email + follow-up call within 48 hours,Strong ESS candidate - good fit indicators,business_template
Business Excellence Conference 2026,2026-06-20,Atlanta GA,Atlanta Conference Center,National Business Institute,events@nationalbusiness.org,(800) 555-0199,https://nationalbusinessinstitute.com/conference2026,"$1,997",393,100,$20K-$30K ESS Deal,IMMEDIATE CALL,advanced_finder,2026-03-01 16:10:26,Schedule call within 24 hours,"Perfect ESS fit - high ticket price, professional organizer",business_template
Business Excellence Conference 2026,2026-05-06,Chicago IL,Chicago Conference Center,Elite Entrepreneur Network,info@eliteentrepreneur.net,(888) 555-0177,https://eliteentrepreneurnetwork.com/conference2026,$997,647,95,$20K-$30K ESS Deal,IMMEDIATE CALL,advanced_finder,2026-03-01 16:10:27,Schedule call within 24 hours,"Perfect ESS fit - high ticket price, professional organizer",business_template
Business Excellence Training 2026,2026-08-27,Chicago IL,Hyatt Regency Chicago,Professional Growth Association,events@progrowth.com,(855) 555-0145,https://professionalgrowthassociation.com/training2026,$697,578,95,$20K-$30K ESS Deal,IMMEDIATE CALL,advanced_finder,2026-03-01 16:10:27,Schedule call within 24 hours,"Perfect ESS fit - high ticket price, professional organizer",business_template
Business Excellence Summit 2026,2026-06-29,Chicago IL,Chicago Convention Center,National Business Institute,events@nationalbusiness.org,(800) 555-0199,https://nationalbusinessinstitute.com/summit2026,"$1,997",731,100,$20K-$30K ESS Deal,IMMEDIATE CALL,advanced_finder,2026-03-01 16:10:27,Schedule call within 24 hours,"Perfect ESS fit - high ticket price, professional organizer",business_template
Entrepreneur Success Training 2026,2026-03-31,Miami FL,Miami Conference Center,Success Strategies Group,register@successstrategies.com,(877) 555-0156,https://successstrategiesgroup.com/training2026,$697,1059,80,$15K-$20K ESS Deal,HIGH PRIORITY,advanced_finder,2026-03-01 16:10:28,Email + follow-up call within 48 hours,Strong ESS candidate - good fit indicators,general_template
Entrepreneur Success Conference 2026,2026-05-26,Miami FL,Miami Conference Center,Elite Entrepreneur Network,info@eliteentrepreneur.net,(888) 555-0177,https://eliteentrepreneurnetwork.com/conference2026,$697,655,95,$20K-$30K ESS Deal,IMMEDIATE CALL,advanced_finder,2026-03-01 16:10:28,Schedule call within 24 hours,"Perfect ESS fit - high ticket price, professional organizer",general_template
Entrepreneur Success Mastermind 2026,2026-05-05,Miami FL,Marriott Miami,Success Strategies Group,register@successstrategies.com,(877) 555-0156,https://successstrategiesgroup.com/mastermind2026,$497,713,100,$20K-$30K ESS Deal,IMMEDIATE CALL,advanced_finder,2026-03-01 16:10:28,Schedule call within 24 hours,"Perfect ESS fit - high ticket price, professional organizer",general_template
Entrepreneur Success Conference 2026,2026-04-05,Los Angeles CA,Marriott Los,Professional Growth Association,events@progrowth.com,(855) 555-0145,https://professionalgrowthassociation.com/conference2026,$697,1030,85,$20K-$30K ESS Deal,IMMEDIATE CALL,advanced_finder,2026-03-01 16:10:28,Schedule call within 24 hours,"Perfect ESS fit - high ticket price, professional organizer",general_template
Entrepreneur Success Summit 2026,2026-07-21,Los Angeles CA,Hilton Los Downtown,National Business Institute,events@nationalbusiness.org,(800) 555-0199,https://nationalbusinessinstitute.com/summit2026,"$1,997",569,100,$20K-$30K ESS Deal,IMMEDIATE CALL,advanced_finder,2026-03-01 16:10:28,Schedule call within 24 hours,"Perfect ESS fit - high ticket price, professional organizer",general_template
Entrepreneur Success Seminar 2026,2026-05-18,Los Angeles CA,Hilton Los Downtown,Investment Education Institute,contact@investmentedu.org,(866) 555-0188,https://investmenteducationinstitute.com/seminar2026,$997,1084,80,$15K-$20K ESS Deal,HIGH PRIORITY,advanced_finder,2026-03-01 16:10:28,Email + follow-up call within 48 hours,Strong ESS candidate - good fit indicators,general_template
Entrepreneur Success Workshop 2026,2026-07-10,Los Angeles CA,Los Conference Center,Investment Education Institute,contact@investmentedu.org,(866) 555-0188,https://investmenteducationinstitute.com/workshop2026,"$1,997",454,95,$20K-$30K ESS Deal,IMMEDIATE CALL,advanced_finder,2026-03-01 16:10:28,Schedule call within 24 hours,"Perfect ESS fit - high ticket price, professional organizer",general_template
Entrepreneur Success Training 2026,2026-04-30,Los Angeles CA,Hilton Los Downtown,Professional Growth Association,events@progrowth.com,(855) 555-0145,https://professionalgrowthassociation.com/training2026,$697,1181,70,$15K-$20K ESS Deal,HIGH PRIORITY,advanced_finder,2026-03-01 16:10:28,Email + follow-up call within 48 hours,Strong ESS candidate - good fit indicators,general_template
Entrepreneur Success Intensive 2026,2026-04-30,New York NY,Hilton New Downtown,National Business Institute,events@nationalbusiness.org,(800) 555-0199,https://nationalbusinessinstitute.com/intensive2026,$997,1177,95,$20K-$30K ESS Deal,IMMEDIATE CALL,advanced_finder,2026-03-01 16:10:29,Schedule call within 24 hours,"Perfect ESS fit - high ticket price, professional organizer",general_template
Entrepreneur Success Workshop 2026,2026-08-03,New York NY,New Conference Center,Success Strategies Group,register@successstrategies.com,(877) 555-0156,https://successstrategiesgroup.com/workshop2026,$997,624,90,$20K-$30K ESS Deal,IMMEDIATE CALL,advanced_finder,2026-03-01 16:10:29,Schedule call within 24 hours,"Perfect ESS fit - high ticket price, professional organizer",general_template
Entrepreneur Success Seminar 2026,2026-06-23,New York NY,New Conference Center,Investment Education Institute,contact@investmentedu.org,(866) 555-0188,https://investmenteducationinstitute.com/seminar2026,$497,939,80,$15K-$20K ESS Deal,HIGH PRIORITY,advanced_finder,2026-03-01 16:10:29,Email + follow-up call within 48 hours,Strong ESS candidate - good fit indicators,general_template
Entrepreneur Success Workshop 2026,2026-06-15,New York NY,New Conference Center,Success Strategies Group,register@successstrategies.com,(877) 555-0156,https://successstrategiesgroup.com/workshop2026,"$2,497",324,100,$20K-$30K ESS Deal,IMMEDIATE CALL,advanced_finder,2026-03-01 16:10:29,Schedule call within 24 hours,"Perfect ESS fit - high ticket price, professional organizer",general_template
Entrepreneur Success Conference 2026,2026-08-18,Dallas TX,Dallas Convention Center,National Business Institute,events@nationalbusiness.org,(800) 555-0199,https://nationalbusinessinstitute.com/conference2026,"$2,497",389,100,$20K-$30K ESS Deal,IMMEDIATE CALL,advanced_finder,2026-03-01 16:10:29,Schedule call within 24 hours,"Perfect ESS fit - high ticket price, professional organizer",general_template
Entrepreneur Success Summit 2026,2026-06-01,Dallas TX,Dallas Conference Center,National Business Institute,events@nationalbusiness.org,(800) 555-0199,https://nationalbusinessinstitute.com/summit2026,"$3,497",202,100,$20K-$30K ESS Deal,IMMEDIATE CALL,advanced_finder,2026-03-01 16:10:29,Schedule call within 24 hours,"Perfect ESS fit - high ticket price, professional organizer",general_template
Entrepreneur Success Summit 2026,2026-07-17,Dallas TX,Dallas Convention Center,National Business Institute,events@nationalbusiness.org,(800) 555-0199,https://nationalbusinessinstitute.com/summit2026,"$2,997",381,100,$20K-$30K ESS Deal,IMMEDIATE CALL,advanced_finder,2026-03-01 16:10:29,Schedule call within 24 hours,"Perfect ESS fit - high ticket price, professional organizer",general_template
Entrepreneur Success Summit 2026,2026-07-17,Atlanta GA,Hilton Atlanta Downtown,Elite Entrepreneur Network,info@eliteentrepreneur.net,(888) 555-0177,https://eliteentrepreneurnetwork.com/summit2026,$497,1145,70,$15K-$20K ESS Deal,HIGH PRIORITY,advanced_finder,2026-03-01 16:10:30,Email + follow-up call within 48 hours,Strong ESS candidate - good fit indicators,general_template
Entrepreneur Success Intensive 2026,2026-04-24,Atlanta GA,Marriott Atlanta,National Business Institute,events@nationalbusiness.org,(800) 555-0199,https://nationalbusinessinstitute.com/intensive2026,"$1,497",563,100,$20K-$30K ESS Deal,IMMEDIATE CALL,advanced_finder,2026-03-01 16:10:30,Schedule call within 24 hours,"Perfect ESS fit - high ticket price, professional organizer",general_template
Entrepreneur Success Summit 2026,2026-06-12,Atlanta GA,Hilton Atlanta Downtown,Elite Entrepreneur Network,info@eliteentrepreneur.net,(888) 555-0177,https://eliteentrepreneurnetwork.com/summit2026,$497,1197,70,$15K-$20K ESS Deal,HIGH PRIORITY,advanced_finder,2026-03-01 16:10:30,Email + follow-up call within 48 hours,Strong ESS candidate - good fit indicators,general_template
Entrepreneur Success Summit 2026,2026-07-24,Atlanta GA,Atlanta Conference Center,Professional Growth Association,events@progrowth.com,(855) 555-0145,https://professionalgrowthassociation.com/summit2026,$997,925,80,$15K-$20K ESS Deal,HIGH PRIORITY,advanced_finder,2026-03-01 16:10:30,Email + follow-up call within 48 hours,Strong ESS candidate - good fit indicators,general_template
Entrepreneur Success Seminar 2026,2026-04-22,Chicago IL,Chicago Conference Center,Investment Education Institute,contact@investmentedu.org,(866) 555-0188,https://investmenteducationinstitute.com/seminar2026,$997,504,90,$20K-$30K ESS Deal,IMMEDIATE CALL,advanced_finder,2026-03-01 16:10:30,Schedule call within 24 hours,"Perfect ESS fit - high ticket price, professional organizer",general_template
Entrepreneur Success Training 2026,2026-04-26,Chicago IL,Hilton Chicago Downtown,Success Strategies Group,register@successstrategies.com,(877) 555-0156,https://successstrategiesgroup.com/training2026,"$1,297",497,95,$20K-$30K ESS Deal,IMMEDIATE CALL,advanced_finder,2026-03-01 16:10:30,Schedule call within 24 hours,"Perfect ESS fit - high ticket price, professional organizer",general_template
Entrepreneur Success Mastermind 2026,2026-07-06,Chicago IL,Chicago Conference Center,Success Strategies Group,register@successstrategies.com,(877) 555-0156,https://successstrategiesgroup.com/mastermind2026,"$1,297",341,100,$20K-$30K ESS Deal,IMMEDIATE CALL,advanced_finder,2026-03-01 16:10:30,Schedule call within 24 hours,"Perfect ESS fit - high ticket price, professional organizer",general_template
Entrepreneur Success Training 2026,2026-05-31,Chicago IL,Hyatt Regency Chicago,Success Strategies Group,register@successstrategies.com,(877) 555-0156,https://successstrategiesgroup.com/training2026,"$1,297",501,95,$20K-$30K ESS Deal,IMMEDIATE CALL,advanced_finder,2026-03-01 16:10:30,Schedule call within 24 hours,"Perfect ESS fit - high ticket price, professional organizer",general_template
Entrepreneur Success Summit 2026,2026-07-24,Chicago IL,Hilton Chicago Downtown,Professional Growth Association,events@progrowth.com,(855) 555-0145,https://professionalgrowthassociation.com/summit2026,$697,602,95,$20K-$30K ESS Deal,IMMEDIATE CALL,advanced_finder,2026-03-01 16:10:30,Schedule call within 24 hours,"Perfect ESS fit - high ticket price, professional organizer",general_template
Real Estate Wealth Workshop 2026,2026-08-01,Miami FL,Hyatt Regency Miami,Success Strategies Group,register@successstrategies.com,(877) 555-0156,https://successstrategiesgroup.com/workshop2026,"$1,497",755,95,$20K-$30K ESS Deal,IMMEDIATE CALL,advanced_finder,2026-03-01 16:10:31,Schedule call within 24 hours,"Perfect ESS fit - high ticket price, professional organizer",real_estate_template
Real Estate Wealth Workshop 2026,2026-04-21,Miami FL,Hyatt Regency Miami,Success Strategies Group,register@successstrategies.com,(877) 555-0156,https://successstrategiesgroup.com/workshop2026,$997,660,90,$20K-$30K ESS Deal,IMMEDIATE CALL,advanced_finder,2026-03-01 16:10:31,Schedule call within 24 hours,"Perfect ESS fit - high ticket price, professional organizer",real_estate_template
Real Estate Wealth Intensive 2026,2026-07-21,Miami FL,Hilton Miami Downtown,Investment Education Institute,contact@investmentedu.org,(866) 555-0188,https://investmenteducationinstitute.com/intensive2026,$997,758,100,$20K-$30K ESS Deal,IMMEDIATE CALL,advanced_finder,2026-03-01 16:10:31,Schedule call within 24 hours,"Perfect ESS fit - high ticket price, professional organizer",real_estate_template
Real Estate Wealth Training 2026,2026-07-31,Miami FL,Hyatt Regency Miami,Success Strategies Group,register@successstrategies.com,(877) 555-0156,https://successstrategiesgroup.com/training2026,$997,1120,80,$15K-$20K ESS Deal,HIGH PRIORITY,advanced_finder,2026-03-01 16:10:31,Email + follow-up call within 48 hours,Strong ESS candidate - good fit indicators,real_estate_template
Real Estate Wealth Conference 2026,2026-05-08,Miami FL,Miami Convention Center,National Business Institute,events@nationalbusiness.org,(800) 555-0199,https://nationalbusinessinstitute.com/conference2026,"$1,997",796,100,$20K-$30K ESS Deal,IMMEDIATE CALL,advanced_finder,2026-03-01 16:10:31,Schedule call within 24 hours,"Perfect ESS fit - high ticket price, professional organizer",real_estate_template
Real Estate Wealth Summit 2026,2026-06-10,Los Angeles CA,Hilton Los Downtown,National Business Institute,events@nationalbusiness.org,(800) 555-0199,https://nationalbusinessinstitute.com/summit2026,"$2,997",260,100,$20K-$30K ESS Deal,IMMEDIATE CALL,advanced_finder,2026-03-01 16:10:31,Schedule call within 24 hours,"Perfect ESS fit - high ticket price, professional organizer",real_estate_template
Real Estate Wealth Training 2026,2026-06-14,Los Angeles CA,Los Convention Center,Professional Growth Association,events@progrowth.com,(855) 555-0145,https://professionalgrowthassociation.com/training2026,$697,991,75,$15K-$20K ESS Deal,HIGH PRIORITY,advanced_finder,2026-03-01 16:10:31,Email + follow-up call within 48 hours,Strong ESS candidate - good fit indicators,real_estate_template
Real Estate Wealth Intensive 2026,2026-05-16,Los Angeles CA,Marriott Los,National Business Institute,events@nationalbusiness.org,(800) 555-0199,https://nationalbusinessinstitute.com/intensive2026,"$1,497",594,100,$20K-$30K ESS Deal,IMMEDIATE CALL,advanced_finder,2026-03-01 16:10:31,Schedule call within 24 hours,"Perfect ESS fit - high ticket price, professional organizer",real_estate_template
Real Estate Wealth Summit 2026,2026-08-26,Los Angeles CA,Marriott Los,Professional Growth Association,events@progrowth.com,(855) 555-0145,https://professionalgrowthassociation.com/summit2026,"$1,297",717,100,$20K-$30K ESS Deal,IMMEDIATE CALL,advanced_finder,2026-03-01 16:10:31,Schedule call within 24 hours,"Perfect ESS fit - high ticket price, professional organizer",real_estate_template
Real Estate Wealth Workshop 2026,2026-06-16,Los Angeles CA,Hilton Los Downtown,Success Strategies Group,register@successstrategies.com,(877) 555-0156,https://successstrategiesgroup.com/workshop2026,"$1,497",769,95,$20K-$30K ESS Deal,IMMEDIATE CALL,advanced_finder,2026-03-01 16:10:31,Schedule call within 24 hours,"Perfect ESS fit - high ticket price, professional organizer",real_estate_template
Real Estate Wealth Training 2026,2026-04-22,New York NY,Hilton New Downtown,Professional Growth Association,events@progrowth.com,(855) 555-0145,https://professionalgrowthassociation.com/training2026,$697,854,75,$15K-$20K ESS Deal,HIGH PRIORITY,advanced_finder,2026-03-01 16:10:32,Email + follow-up call within 48 hours,Strong ESS candidate - good fit indicators,real_estate_template
Real Estate Wealth Conference 2026,2026-05-31,New York NY,Marriott New,National Business Institute,events@nationalbusiness.org,(800) 555-0199,https://nationalbusinessinstitute.com/conference2026,"$2,997",293,100,$20K-$30K ESS Deal,IMMEDIATE CALL,advanced_finder,2026-03-01 16:10:32,Schedule call within 24 hours,"Perfect ESS fit - high ticket price, professional organizer",real_estate_template
Real Estate Wealth Conference 2026,2026-08-07,New York NY,New Conference Center,Elite Entrepreneur Network,info@eliteentrepreneur.net,(888) 555-0177,https://eliteentrepreneurnetwork.com/conference2026,"$1,297",745,100,$20K-$30K ESS Deal,IMMEDIATE CALL,advanced_finder,2026-03-01 16:10:32,Schedule call within 24 hours,"Perfect ESS fit - high ticket price, professional organizer",real_estate_template
Real Estate Wealth Intensive 2026,2026-06-16,New York NY,New Convention Center,Investment Education Institute,contact@investmentedu.org,(866) 555-0188,https://investmenteducationinstitute.com/intensive2026,"$2,497",378,100,$20K-$30K ESS Deal,IMMEDIATE CALL,advanced_finder,2026-03-01 16:10:32,Schedule call within 24 hours,"Perfect ESS fit - high ticket price, professional organizer",real_estate_template
Real Estate Wealth Mastermind 2026,2026-06-11,Dallas TX,Hilton Dallas Downtown,Success Strategies Group,register@successstrategies.com,(877) 555-0156,https://successstrategiesgroup.com/mastermind2026,"$1,297",550,100,$20K-$30K ESS Deal,IMMEDIATE CALL,advanced_finder,2026-03-01 16:10:33,Schedule call within 24 hours,"Perfect ESS fit - high ticket price, professional organizer",real_estate_template
Real Estate Wealth Seminar 2026,2026-05-22,Dallas TX,Dallas Convention Center,Investment Education Institute,contact@investmentedu.org,(866) 555-0188,https://investmenteducationinstitute.com/seminar2026,$697,505,90,$20K-$30K ESS Deal,IMMEDIATE CALL,advanced_finder,2026-03-01 16:10:33,Schedule call within 24 hours,"Perfect ESS fit - high ticket price, professional organizer",real_estate_template
Real Estate Wealth Seminar 2026,2026-07-18,Dallas TX,Hilton Dallas Downtown,Investment Education Institute,contact@investmentedu.org,(866) 555-0188,https://investmenteducationinstitute.com/seminar2026,$497,694,85,$20K-$30K ESS Deal,IMMEDIATE CALL,advanced_finder,2026-03-01 16:10:33,Schedule call within 24 hours,"Perfect ESS fit - high ticket price, professional organizer",real_estate_template
Real Estate Wealth Training 2026,2026-05-09,Atlanta GA,Hilton Atlanta Downtown,Professional Growth Association,events@progrowth.com,(855) 555-0145,https://professionalgrowthassociation.com/training2026,"$1,297",687,75,$15K-$20K ESS Deal,HIGH PRIORITY,advanced_finder,2026-03-01 16:10:33,Email + follow-up call within 48 hours,Strong ESS candidate - good fit indicators,real_estate_template
Real Estate Wealth Networking 2026,2026-08-17,Atlanta GA,Marriott Atlanta,Elite Entrepreneur Network,info@eliteentrepreneur.net,(888) 555-0177,https://eliteentrepreneurnetwork.com/networking2026,$997,1071,60,$10K-$15K ESS Deal,MEDIUM PRIORITY,advanced_finder,2026-03-01 16:10:33,"Email outreach, qualify via phone",Potential ESS fit - needs qualification,real_estate_template
Real Estate Wealth Intensive 2026,2026-08-12,Atlanta GA,Atlanta Conference Center,National Business Institute,events@nationalbusiness.org,(800) 555-0199,https://nationalbusinessinstitute.com/intensive2026,"$1,497",606,100,$20K-$30K ESS Deal,IMMEDIATE CALL,advanced_finder,2026-03-01 16:10:33,Schedule call within 24 hours,"Perfect ESS fit - high ticket price, professional organizer",real_estate_template
Real Estate Wealth Training 2026,2026-08-13,Atlanta GA,Marriott Atlanta,Success Strategies Group,register@successstrategies.com,(877) 555-0156,https://successstrategiesgroup.com/training2026,$497,824,70,$15K-$20K ESS Deal,HIGH PRIORITY,advanced_finder,2026-03-01 16:10:33,Email + follow-up call within 48 hours,Strong ESS candidate - good fit indicators,real_estate_template
Real Estate Wealth Workshop 2026,2026-04-16,Chicago IL,Chicago Conference Center,Success Strategies Group,register@successstrategies.com,(877) 555-0156,https://successstrategiesgroup.com/workshop2026,"$1,997",710,95,$20K-$30K ESS Deal,IMMEDIATE CALL,advanced_finder,2026-03-01 16:10:34,Schedule call within 24 hours,"Perfect ESS fit - high ticket price, professional organizer",real_estate_template
Real Estate Wealth Networking 2026,2026-06-11,Chicago IL,Hilton Chicago Downtown,Elite Entrepreneur Network,info@eliteentrepreneur.net,(888) 555-0177,https://eliteentrepreneurnetwork.com/networking2026,$997,794,80,$15K-$20K ESS Deal,HIGH PRIORITY,advanced_finder,2026-03-01 16:10:34,Email + follow-up call within 48 hours,Strong ESS candidate - good fit indicators,real_estate_template
Real Estate Wealth Workshop 2026,2026-08-21,Chicago IL,Chicago Convention Center,Investment Education Institute,contact@investmentedu.org,(866) 555-0188,https://investmenteducationinstitute.com/workshop2026,$997,715,90,$20K-$30K ESS Deal,IMMEDIATE CALL,advanced_finder,2026-03-01 16:10:34,Schedule call within 24 hours,"Perfect ESS fit - high ticket price, professional organizer",real_estate_template
Sales Mastery Summit 2026,2026-04-05,Miami FL,Hilton Miami Downtown,Professional Growth Association,events@progrowth.com,(855) 555-0145,https://professionalgrowthassociation.com/summit2026,$497,1011,80,$15K-$20K ESS Deal,HIGH PRIORITY,advanced_finder,2026-03-01 16:10:34,Email + follow-up call within 48 hours,Strong ESS candidate - good fit indicators,sales_template
Sales Mastery Summit 2026,2026-06-20,Miami FL,Hyatt Regency Miami,Professional Growth Association,events@progrowth.com,(855) 555-0145,https://professionalgrowthassociation.com/summit2026,$497,1071,80,$15K-$20K ESS Deal,HIGH PRIORITY,advanced_finder,2026-03-01 16:10:34,Email + follow-up call within 48 hours,Strong ESS candidate - good fit indicators,sales_template
Sales Mastery Conference 2026,2026-07-13,Miami FL,Hilton Miami Downtown,National Business Institute,events@nationalbusiness.org,(800) 555-0199,https://nationalbusinessinstitute.com/conference2026,"$2,497",251,100,$20K-$30K ESS Deal,IMMEDIATE CALL,advanced_finder,2026-03-01 16:10:34,Schedule call within 24 hours,"Perfect ESS fit - high ticket price, professional organizer",sales_template
Sales Mastery Summit 2026,2026-06-01,Miami FL,Hilton Miami Downtown,National Business Institute,events@nationalbusiness.org,(800) 555-0199,https://nationalbusinessinstitute.com/summit2026,"$3,497",472,100,$20K-$30K ESS Deal,IMMEDIATE CALL,advanced_finder,2026-03-01 16:10:34,Schedule call within 24 hours,"Perfect ESS fit - high ticket price, professional organizer",sales_template
Sales Mastery Intensive 2026,2026-07-21,Los Angeles CA,Los Convention Center,National Business Institute,events@nationalbusiness.org,(800) 555-0199,https://nationalbusinessinstitute.com/intensive2026,"$1,997",509,100,$20K-$30K ESS Deal,IMMEDIATE CALL,advanced_finder,2026-03-01 16:10:35,Schedule call within 24 hours,"Perfect ESS fit - high ticket price, professional organizer",sales_template
Sales Mastery Summit 2026,2026-04-19,Los Angeles CA,Hilton Los Downtown,National Business Institute,events@nationalbusiness.org,(800) 555-0199,https://nationalbusinessinstitute.com/summit2026,"$1,997",558,100,$20K-$30K ESS Deal,IMMEDIATE CALL,advanced_finder,2026-03-01 16:10:35,Schedule call within 24 hours,"Perfect ESS fit - high ticket price, professional organizer",sales_template
Sales Mastery Seminar 2026,2026-08-22,Los Angeles CA,Hyatt Regency Los,Investment Education Institute,contact@investmentedu.org,(866) 555-0188,https://investmenteducationinstitute.com/seminar2026,$997,1193,80,$15K-$20K ESS Deal,HIGH PRIORITY,advanced_finder,2026-03-01 16:10:35,Email + follow-up call within 48 hours,Strong ESS candidate - good fit indicators,sales_template
Sales Mastery Seminar 2026,2026-07-26,Los Angeles CA,Los Convention Center,Investment Education Institute,contact@investmentedu.org,(866) 555-0188,https://investmenteducationinstitute.com/seminar2026,$697,639,90,$20K-$30K ESS Deal,IMMEDIATE CALL,advanced_finder,2026-03-01 16:10:35,Schedule call within 24 hours,"Perfect ESS fit - high ticket price, professional organizer",sales_template
Sales Mastery Mastermind 2026,2026-03-31,Los Angeles CA,Los Convention Center,Success Strategies Group,register@successstrategies.com,(877) 555-0156,https://successstrategiesgroup.com/mastermind2026,"$1,297",430,100,$20K-$30K ESS Deal,IMMEDIATE CALL,advanced_finder,2026-03-01 16:10:35,Schedule call within 24 hours,"Perfect ESS fit - high ticket price, professional organizer",sales_template
Sales Mastery Intensive 2026,2026-08-08,New York NY,Hyatt Regency New,Investment Education Institute,contact@investmentedu.org,(866) 555-0188,https://investmenteducationinstitute.com/intensive2026,"$2,497",314,100,$20K-$30K ESS Deal,IMMEDIATE CALL,advanced_finder,2026-03-01 16:10:35,Schedule call within 24 hours,"Perfect ESS fit - high ticket price, professional organizer",sales_template
Sales Mastery Networking 2026,2026-05-21,New York NY,Hilton New Downtown,Elite Entrepreneur Network,info@eliteentrepreneur.net,(888) 555-0177,https://eliteentrepreneurnetwork.com/networking2026,$697,1089,70,$15K-$20K ESS Deal,HIGH PRIORITY,advanced_finder,2026-03-01 16:10:35,Email + follow-up call within 48 hours,Strong ESS candidate - good fit indicators,sales_template
Sales Mastery Intensive 2026,2026-07-06,New York NY,New Conference Center,National Business Institute,events@nationalbusiness.org,(800) 555-0199,https://nationalbusinessinstitute.com/intensive2026,"$1,997",303,100,$20K-$30K ESS Deal,IMMEDIATE CALL,advanced_finder,2026-03-01 16:10:35,Schedule call within 24 hours,"Perfect ESS fit - high ticket price, professional organizer",sales_template
Sales Mastery Summit 2026,2026-05-13,Dallas TX,Hilton Dallas Downtown,National Business Institute,events@nationalbusiness.org,(800) 555-0199,https://nationalbusinessinstitute.com/summit2026,"$2,997",286,100,$20K-$30K ESS Deal,IMMEDIATE CALL,advanced_finder,2026-03-01 16:10:36,Schedule call within 24 hours,"Perfect ESS fit - high ticket price, professional organizer",sales_template
Sales Mastery Summit 2026,2026-07-22,Dallas TX,Dallas Conference Center,National Business Institute,events@nationalbusiness.org,(800) 555-0199,https://nationalbusinessinstitute.com/summit2026,"$2,997",435,100,$20K-$30K ESS Deal,IMMEDIATE CALL,advanced_finder,2026-03-01 16:10:36,Schedule call within 24 hours,"Perfect ESS fit - high ticket price, professional organizer",sales_template
Sales Mastery Intensive 2026,2026-05-14,Dallas TX,Marriott Dallas,Investment Education Institute,contact@investmentedu.org,(866) 555-0188,https://investmenteducationinstitute.com/intensive2026,"$2,497",376,100,$20K-$30K ESS Deal,IMMEDIATE CALL,advanced_finder,2026-03-01 16:10:36,Schedule call within 24 hours,"Perfect ESS fit - high ticket price, professional organizer",sales_template
Sales Mastery Workshop 2026,2026-06-12,Dallas TX,Dallas Convention Center,Investment Education Institute,contact@investmentedu.org,(866) 555-0188,https://investmenteducationinstitute.com/workshop2026,"$1,497",690,95,$20K-$30K ESS Deal,IMMEDIATE CALL,advanced_finder,2026-03-01 16:10:36,Schedule call within 24 hours,"Perfect ESS fit - high ticket price, professional organizer",sales_template
Sales Mastery Mastermind 2026,2026-08-15,Dallas TX,Marriott Dallas,Success Strategies Group,register@successstrategies.com,(877) 555-0156,https://successstrategiesgroup.com/mastermind2026,$997,918,100,$20K-$30K ESS Deal,IMMEDIATE CALL,advanced_finder,2026-03-01 16:10:36,Schedule call within 24 hours,"Perfect ESS fit - high ticket price, professional organizer",sales_template
Sales Mastery Training 2026,2026-04-04,Atlanta GA,Atlanta Convention Center,Professional Growth Association,events@progrowth.com,(855) 555-0145,https://professionalgrowthassociation.com/training2026,$497,975,60,$10K-$15K ESS Deal,MEDIUM PRIORITY,advanced_finder,2026-03-01 16:10:36,"Email outreach, qualify via phone",Potential ESS fit - needs qualification,sales_template
Sales Mastery Intensive 2026,2026-04-03,Atlanta GA,Hilton Atlanta Downtown,Investment Education Institute,contact@investmentedu.org,(866) 555-0188,https://investmenteducationinstitute.com/intensive2026,"$1,497",795,100,$20K-$30K ESS Deal,IMMEDIATE CALL,advanced_finder,2026-03-01 16:10:36,Schedule call within 24 hours,"Perfect ESS fit - high ticket price, professional organizer",sales_template
Sales Mastery Conference 2026,2026-06-05,Atlanta GA,Hilton Atlanta Downtown,Professional Growth Association,events@progrowth.com,(855) 555-0145,https://professionalgrowthassociation.com/conference2026,"$1,297",787,90,$20K-$30K ESS Deal,IMMEDIATE CALL,advanced_finder,2026-03-01 16:10:36,Schedule call within 24 hours,"Perfect ESS fit - high ticket price, professional organizer",sales_template
Sales Mastery Intensive 2026,2026-06-27,Chicago IL,Marriott Chicago,Investment Education Institute,contact@investmentedu.org,(866) 555-0188,https://investmenteducationinstitute.com/intensive2026,"$1,997",563,100,$20K-$30K ESS Deal,IMMEDIATE CALL,advanced_finder,2026-03-01 16:10:37,Schedule call within 24 hours,"Perfect ESS fit - high ticket price, professional organizer",sales_template
Sales Mastery Intensive 2026,2026-07-20,Chicago IL,Hilton Chicago Downtown,National Business Institute,events@nationalbusiness.org,(800) 555-0199,https://nationalbusinessinstitute.com/intensive2026,"$1,997",711,100,$20K-$30K ESS Deal,IMMEDIATE CALL,advanced_finder,2026-03-01 16:10:37,Schedule call within 24 hours,"Perfect ESS fit - high ticket price, professional organizer",sales_template
Sales Mastery Workshop 2026,2026-05-09,Chicago IL,Hilton Chicago Downtown,Success Strategies Group,register@successstrategies.com,(877) 555-0156,https://successstrategiesgroup.com/workshop2026,$997,559,90,$20K-$30K ESS Deal,IMMEDIATE CALL,advanced_finder,2026-03-01 16:10:37,Schedule call within 24 hours,"Perfect ESS fit - high ticket price, professional organizer",sales_template
Sales Mastery Networking 2026,2026-06-04,Chicago IL,Chicago Convention Center,Elite Entrepreneur Network,info@eliteentrepreneur.net,(888) 555-0177,https://eliteentrepreneurnetwork.com/networking2026,$697,1183,70,$15K-$20K ESS Deal,HIGH PRIORITY,advanced_finder,2026-03-01 16:10:37,Email + follow-up call within 48 hours,Strong ESS candidate - good fit indicators,sales_template
Marketing Excellence Training 2026,2026-07-03,Miami FL,Hyatt Regency Miami,Success Strategies Group,register@successstrategies.com,(877) 555-0156,https://successstrategiesgroup.com/training2026,"$1,297",609,95,$20K-$30K ESS Deal,IMMEDIATE CALL,advanced_finder,2026-03-01 16:10:38,Schedule call within 24 hours,"Perfect ESS fit - high ticket price, professional organizer",general_template
Marketing Excellence Conference 2026,2026-06-14,Miami FL,Miami Convention Center,Elite Entrepreneur Network,info@eliteentrepreneur.net,(888) 555-0177,https://eliteentrepreneurnetwork.com/conference2026,$997,625,80,$15K-$20K ESS Deal,HIGH PRIORITY,advanced_finder,2026-03-01 16:10:38,Email + follow-up call within 48 hours,Strong ESS candidate - good fit indicators,general_template
Marketing Excellence Summit 2026,2026-07-01,Miami FL,Hyatt Regency Miami,Professional Growth Association,events@progrowth.com,(855) 555-0145,https://professionalgrowthassociation.com/summit2026,$697,1120,70,$15K-$20K ESS Deal,HIGH PRIORITY,advanced_finder,2026-03-01 16:10:38,Email + follow-up call within 48 hours,Strong ESS candidate - good fit indicators,general_template
Marketing Excellence Conference 2026,2026-06-23,Miami FL,Hyatt Regency Miami,Elite Entrepreneur Network,info@eliteentrepreneur.net,(888) 555-0177,https://eliteentrepreneurnetwork.com/conference2026,$997,624,80,$15K-$20K ESS Deal,HIGH PRIORITY,advanced_finder,2026-03-01 16:10:38,Email + follow-up call within 48 hours,Strong ESS candidate - good fit indicators,general_template
Marketing Excellence Conference 2026,2026-08-01,Miami FL,Hyatt Regency Miami,National Business Institute,events@nationalbusiness.org,(800) 555-0199,https://nationalbusinessinstitute.com/conference2026,"$3,497",433,100,$20K-$30K ESS Deal,IMMEDIATE CALL,advanced_finder,2026-03-01 16:10:38,Schedule call within 24 hours,"Perfect ESS fit - high ticket price, professional organizer",general_template
Marketing Excellence Conference 2026,2026-08-22,Los Angeles CA,Los Conference Center,Elite Entrepreneur Network,info@eliteentrepreneur.net,(888) 555-0177,https://eliteentrepreneurnetwork.com/conference2026,"$1,297",520,85,$20K-$30K ESS Deal,IMMEDIATE CALL,advanced_finder,2026-03-01 16:10:38,Schedule call within 24 hours,"Perfect ESS fit - high ticket price, professional organizer",general_template
Marketing Excellence Conference 2026,2026-04-03,Los Angeles CA,Hilton Los Downtown,Professional Growth Association,events@progrowth.com,(855) 555-0145,https://professionalgrowthassociation.com/conference2026,$497,1012,65,$10K-$15K ESS Deal,MEDIUM PRIORITY,advanced_finder,2026-03-01 16:10:38,"Email outreach, qualify via phone",Potential ESS fit - needs qualification,general_template
Marketing Excellence Intensive 2026,2026-08-19,Los Angeles CA,Hyatt Regency Los,National Business Institute,events@nationalbusiness.org,(800) 555-0199,https://nationalbusinessinstitute.com/intensive2026,"$2,497",328,100,$20K-$30K ESS Deal,IMMEDIATE CALL,advanced_finder,2026-03-01 16:10:38,Schedule call within 24 hours,"Perfect ESS fit - high ticket price, professional organizer",general_template
Marketing Excellence Summit 2026,2026-08-01,New York NY,New Conference Center,National Business Institute,events@nationalbusiness.org,(800) 555-0199,https://nationalbusinessinstitute.com/summit2026,"$1,997",379,95,$20K-$30K ESS Deal,IMMEDIATE CALL,advanced_finder,2026-03-01 16:10:39,Schedule call within 24 hours,"Perfect ESS fit - high ticket price, professional organizer",general_template
Marketing Excellence Intensive 2026,2026-04-15,New York NY,New Convention Center,Investment Education Institute,contact@investmentedu.org,(866) 555-0188,https://investmenteducationinstitute.com/intensive2026,$997,529,90,$20K-$30K ESS Deal,IMMEDIATE CALL,advanced_finder,2026-03-01 16:10:39,Schedule call within 24 hours,"Perfect ESS fit - high ticket price, professional organizer",general_template
Marketing Excellence Training 2026,2026-07-11,New York NY,New Convention Center,Professional Growth Association,events@progrowth.com,(855) 555-0145,https://professionalgrowthassociation.com/training2026,$497,1127,65,$10K-$15K ESS Deal,MEDIUM PRIORITY,advanced_finder,2026-03-01 16:10:39,"Email outreach, qualify via phone",Potential ESS fit - needs qualification,general_template
Marketing Excellence Intensive 2026,2026-07-30,New York NY,New Conference Center,National Business Institute,events@nationalbusiness.org,(800) 555-0199,https://nationalbusinessinstitute.com/intensive2026,"$2,497",216,100,$20K-$30K ESS Deal,IMMEDIATE CALL,advanced_finder,2026-03-01 16:10:39,Schedule call within 24 hours,"Perfect ESS fit - high ticket price, professional organizer",general_template
Marketing Excellence Workshop 2026,2026-06-03,Dallas TX,Dallas Conference Center,Success Strategies Group,register@successstrategies.com,(877) 555-0156,https://successstrategiesgroup.com/workshop2026,"$2,497",352,100,$20K-$30K ESS Deal,IMMEDIATE CALL,advanced_finder,2026-03-01 16:10:39,Schedule call within 24 hours,"Perfect ESS fit - high ticket price, professional organizer",general_template
Marketing Excellence Workshop 2026,2026-04-27,Dallas TX,Dallas Conference Center,Success Strategies Group,register@successstrategies.com,(877) 555-0156,https://successstrategiesgroup.com/workshop2026,$997,960,85,$20K-$30K ESS Deal,IMMEDIATE CALL,advanced_finder,2026-03-01 16:10:39,Schedule call within 24 hours,"Perfect ESS fit - high ticket price, professional organizer",general_template
Marketing Excellence Conference 2026,2026-08-20,Dallas TX,Hyatt Regency Dallas,National Business Institute,events@nationalbusiness.org,(800) 555-0199,https://nationalbusinessinstitute.com/conference2026,"$2,997",312,100,$20K-$30K ESS Deal,IMMEDIATE CALL,advanced_finder,2026-03-01 16:10:39,Schedule call within 24 hours,"Perfect ESS fit - high ticket price, professional organizer",general_template
Marketing Excellence Intensive 2026,2026-07-07,Dallas TX,Hilton Dallas Downtown,National Business Institute,events@nationalbusiness.org,(800) 555-0199,https://nationalbusinessinstitute.com/intensive2026,"$1,497",643,95,$20K-$30K ESS Deal,IMMEDIATE CALL,advanced_finder,2026-03-01 16:10:39,Schedule call within 24 hours,"Perfect ESS fit - high ticket price, professional organizer",general_template
Marketing Excellence Summit 2026,2026-07-02,Atlanta GA,Atlanta Convention Center,Elite Entrepreneur Network,info@eliteentrepreneur.net,(888) 555-0177,https://eliteentrepreneurnetwork.com/summit2026,$997,1087,60,$10K-$15K ESS Deal,MEDIUM PRIORITY,advanced_finder,2026-03-01 16:10:40,"Email outreach, qualify via phone",Potential ESS fit - needs qualification,general_template
Marketing Excellence Conference 2026,2026-06-17,Atlanta GA,Atlanta Conference Center,Professional Growth Association,events@progrowth.com,(855) 555-0145,https://professionalgrowthassociation.com/conference2026,$497,845,60,$10K-$15K ESS Deal,MEDIUM PRIORITY,advanced_finder,2026-03-01 16:10:40,"Email outreach, qualify via phone",Potential ESS fit - needs qualification,general_template
Marketing Excellence Intensive 2026,2026-06-21,Atlanta GA,Atlanta Conference Center,National Business Institute,events@nationalbusiness.org,(800) 555-0199,https://nationalbusinessinstitute.com/intensive2026,"$1,997",648,85,$20K-$30K ESS Deal,IMMEDIATE CALL,advanced_finder,2026-03-01 16:10:40,Schedule call within 24 hours,"Perfect ESS fit - high ticket price, professional organizer",general_template
Marketing Excellence Summit 2026,2026-08-18,Atlanta GA,Atlanta Conference Center,National Business Institute,events@nationalbusiness.org,(800) 555-0199,https://nationalbusinessinstitute.com/summit2026,"$3,497",204,95,$20K-$30K ESS Deal,IMMEDIATE CALL,advanced_finder,2026-03-01 16:10:40,Schedule call within 24 hours,"Perfect ESS fit - high ticket price, professional organizer",general_template
Marketing Excellence Networking 2026,2026-06-01,Chicago IL,Marriott Chicago,Elite Entrepreneur Network,info@eliteentrepreneur.net,(888) 555-0177,https://eliteentrepreneurnetwork.com/networking2026,$997,1032,70,$15K-$20K ESS Deal,HIGH PRIORITY,advanced_finder,2026-03-01 16:10:40,Email + follow-up call within 48 hours,Strong ESS candidate - good fit indicators,general_template
Marketing Excellence Summit 2026,2026-05-25,Chicago IL,Marriott Chicago,Elite Entrepreneur Network,info@eliteentrepreneur.net,(888) 555-0177,https://eliteentrepreneurnetwork.com/summit2026,$497,780,75,$15K-$20K ESS Deal,HIGH PRIORITY,advanced_finder,2026-03-01 16:10:40,Email + follow-up call within 48 hours,Strong ESS candidate - good fit indicators,general_template
Marketing Excellence Training 2026,2026-05-16,Chicago IL,Hilton Chicago Downtown,Professional Growth Association,events@progrowth.com,(855) 555-0145,https://professionalgrowthassociation.com/training2026,"$1,297",438,85,$20K-$30K ESS Deal,IMMEDIATE CALL,advanced_finder,2026-03-01 16:10:40,Schedule call within 24 hours,"Perfect ESS fit - high ticket price, professional organizer",general_template
Wealth Building Conference 2026,2026-08-05,Miami FL,Marriott Miami,National Business Institute,events@nationalbusiness.org,(800) 555-0199,https://nationalbusinessinstitute.com/conference2026,"$2,997",495,100,$20K-$30K ESS Deal,IMMEDIATE CALL,advanced_finder,2026-03-01 16:10:41,Schedule call within 24 hours,"Perfect ESS fit - high ticket price, professional organizer",general_template
Wealth Building Networking 2026,2026-05-13,Miami FL,Hyatt Regency Miami,Elite Entrepreneur Network,info@eliteentrepreneur.net,(888) 555-0177,https://eliteentrepreneurnetwork.com/networking2026,$697,641,80,$15K-$20K ESS Deal,HIGH PRIORITY,advanced_finder,2026-03-01 16:10:41,Email + follow-up call within 48 hours,Strong ESS candidate - good fit indicators,general_template
Wealth Building Intensive 2026,2026-07-31,Miami FL,Miami Convention Center,Investment Education Institute,contact@investmentedu.org,(866) 555-0188,https://investmenteducationinstitute.com/intensive2026,"$1,997",443,100,$20K-$30K ESS Deal,IMMEDIATE CALL,advanced_finder,2026-03-01 16:10:41,Schedule call within 24 hours,"Perfect ESS fit - high ticket price, professional organizer",general_template
Wealth Building Summit 2026,2026-04-13,Miami FL,Miami Conference Center,National Business Institute,events@nationalbusiness.org,(800) 555-0199,https://nationalbusinessinstitute.com/summit2026,"$1,997",567,100,$20K-$30K ESS Deal,IMMEDIATE CALL,advanced_finder,2026-03-01 16:10:41,Schedule call within 24 hours,"Perfect ESS fit - high ticket price, professional organizer",general_template
Wealth Building Seminar 2026,2026-04-18,Los Angeles CA,Los Conference Center,Investment Education Institute,contact@investmentedu.org,(866) 555-0188,https://investmenteducationinstitute.com/seminar2026,$697,607,90,$20K-$30K ESS Deal,IMMEDIATE CALL,advanced_finder,2026-03-01 16:10:41,Schedule call within 24 hours,"Perfect ESS fit - high ticket price, professional organizer",general_template
Wealth Building Workshop 2026,2026-08-27,Los Angeles CA,Hilton Los Downtown,Success Strategies Group,register@successstrategies.com,(877) 555-0156,https://successstrategiesgroup.com/workshop2026,"$1,497",482,95,$20K-$30K ESS Deal,IMMEDIATE CALL,advanced_finder,2026-03-01 16:10:41,Schedule call within 24 hours,"Perfect ESS fit - high ticket price, professional organizer",general_template
Wealth Building Summit 2026,2026-06-21,Los Angeles CA,Hyatt Regency Los,Professional Growth Association,events@progrowth.com,(855) 555-0145,https://professionalgrowthassociation.com/summit2026,$697,649,95,$20K-$30K ESS Deal,IMMEDIATE CALL,advanced_finder,2026-03-01 16:10:41,Schedule call within 24 hours,"Perfect ESS fit - high ticket price, professional organizer",general_template
Wealth Building Summit 2026,2026-07-23,Los Angeles CA,Hyatt Regency Los,Professional Growth Association,events@progrowth.com,(855) 555-0145,https://professionalgrowthassociation.com/summit2026,$697,761,95,$20K-$30K ESS Deal,IMMEDIATE CALL,advanced_finder,2026-03-01 16:10:41,Schedule call within 24 hours,"Perfect ESS fit - high ticket price, professional organizer",general_template
Wealth Building Workshop 2026,2026-07-10,Los Angeles CA,Los Conference Center,Investment Education Institute,contact@investmentedu.org,(866) 555-0188,https://investmenteducationinstitute.com/workshop2026,"$1,997",359,95,$20K-$30K ESS Deal,IMMEDIATE CALL,advanced_finder,2026-03-01 16:10:41,Schedule call within 24 hours,"Perfect ESS fit - high ticket price, professional organizer",general_template
Wealth Building Workshop 2026,2026-06-02,New York NY,New Conference Center,Success Strategies Group,register@successstrategies.com,(877) 555-0156,https://successstrategiesgroup.com/workshop2026,"$1,497",791,95,$20K-$30K ESS Deal,IMMEDIATE CALL,advanced_finder,2026-03-01 16:10:42,Schedule call within 24 hours,"Perfect ESS fit - high ticket price, professional organizer",general_template
Wealth Building Conference 2026,2026-08-08,New York NY,New Conference Center,Professional Growth Association,events@progrowth.com,(855) 555-0145,https://professionalgrowthassociation.com/conference2026,$697,979,90,$20K-$30K ESS Deal,IMMEDIATE CALL,advanced_finder,2026-03-01 16:10:42,Schedule call within 24 hours,"Perfect ESS fit - high ticket price, professional organizer",general_template
Wealth Building Summit 2026,2026-06-13,New York NY,Hyatt Regency New,National Business Institute,events@nationalbusiness.org,(800) 555-0199,https://nationalbusinessinstitute.com/summit2026,"$3,497",360,100,$20K-$30K ESS Deal,IMMEDIATE CALL,advanced_finder,2026-03-01 16:10:42,Schedule call within 24 hours,"Perfect ESS fit - high ticket price, professional organizer",general_template
Wealth Building Training 2026,2026-07-30,New York NY,Marriott New,Professional Growth Association,events@progrowth.com,(855) 555-0145,https://professionalgrowthassociation.com/training2026,"$1,297",460,85,$20K-$30K ESS Deal,IMMEDIATE CALL,advanced_finder,2026-03-01 16:10:42,Schedule call within 24 hours,"Perfect ESS fit - high ticket price, professional organizer",general_template
Wealth Building Workshop 2026,2026-04-19,Dallas TX,Hyatt Regency Dallas,Success Strategies Group,register@successstrategies.com,(877) 555-0156,https://successstrategiesgroup.com/workshop2026,"$1,997",384,95,$20K-$30K ESS Deal,IMMEDIATE CALL,advanced_finder,2026-03-01 16:10:43,Schedule call within 24 hours,"Perfect ESS fit - high ticket price, professional organizer",general_template
Wealth Building Seminar 2026,2026-07-19,Dallas TX,Dallas Conference Center,Investment Education Institute,contact@investmentedu.org,(866) 555-0188,https://investmenteducationinstitute.com/seminar2026,$697,619,90,$20K-$30K ESS Deal,IMMEDIATE CALL,advanced_finder,2026-03-01 16:10:43,Schedule call within 24 hours,"Perfect ESS fit - high ticket price, professional organizer",general_template
Wealth Building Summit 2026,2026-06-29,Dallas TX,Dallas Convention Center,Elite Entrepreneur Network,info@eliteentrepreneur.net,(888) 555-0177,https://eliteentrepreneurnetwork.com/summit2026,"$1,297",398,100,$20K-$30K ESS Deal,IMMEDIATE CALL,advanced_finder,2026-03-01 16:10:43,Schedule call within 24 hours,"Perfect ESS fit - high ticket price, professional organizer",general_template
Wealth Building Summit 2026,2026-05-05,Dallas TX,Hilton Dallas Downtown,Professional Growth Association,events@progrowth.com,(855) 555-0145,https://professionalgrowthassociation.com/summit2026,$497,752,90,$20K-$30K ESS Deal,IMMEDIATE CALL,advanced_finder,2026-03-01 16:10:43,Schedule call within 24 hours,"Perfect ESS fit - high ticket price, professional organizer",general_template
Wealth Building Summit 2026,2026-05-08,Dallas TX,Marriott Dallas,Elite Entrepreneur Network,info@eliteentrepreneur.net,(888) 555-0177,https://eliteentrepreneurnetwork.com/summit2026,"$1,297",775,100,$20K-$30K ESS Deal,IMMEDIATE CALL,advanced_finder,2026-03-01 16:10:43,Schedule call within 24 hours,"Perfect ESS fit - high ticket price, professional organizer",general_template
Wealth Building Seminar 2026,2026-04-16,Atlanta GA,Atlanta Conference Center,Investment Education Institute,contact@investmentedu.org,(866) 555-0188,https://investmenteducationinstitute.com/seminar2026,$997,1133,70,$15K-$20K ESS Deal,HIGH PRIORITY,advanced_finder,2026-03-01 16:10:43,Email + follow-up call within 48 hours,Strong ESS candidate - good fit indicators,general_template
Wealth Building Mastermind 2026,2026-04-15,Atlanta GA,Hyatt Regency Atlanta,Success Strategies Group,register@successstrategies.com,(877) 555-0156,https://successstrategiesgroup.com/mastermind2026,$497,879,85,$20K-$30K ESS Deal,IMMEDIATE CALL,advanced_finder,2026-03-01 16:10:43,Schedule call within 24 hours,"Perfect ESS fit - high ticket price, professional organizer",general_template
Wealth Building Networking 2026,2026-08-23,Atlanta GA,Atlanta Conference Center,Elite Entrepreneur Network,info@eliteentrepreneur.net,(888) 555-0177,https://eliteentrepreneurnetwork.com/networking2026,$497,657,65,$10K-$15K ESS Deal,MEDIUM PRIORITY,advanced_finder,2026-03-01 16:10:43,"Email outreach, qualify via phone",Potential ESS fit - needs qualification,general_template
Wealth Building Conference 2026,2026-06-04,Atlanta GA,Atlanta Convention Center,Elite Entrepreneur Network,info@eliteentrepreneur.net,(888) 555-0177,https://eliteentrepreneurnetwork.com/conference2026,"$1,297",713,90,$20K-$30K ESS Deal,IMMEDIATE CALL,advanced_finder,2026-03-01 16:10:43,Schedule call within 24 hours,"Perfect ESS fit - high ticket price, professional organizer",general_template
Wealth Building Conference 2026,2026-08-22,Atlanta GA,Atlanta Conference Center,Professional Growth Association,events@progrowth.com,(855) 555-0145,https://professionalgrowthassociation.com/conference2026,$697,879,80,$15K-$20K ESS Deal,HIGH PRIORITY,advanced_finder,2026-03-01 16:10:43,Email + follow-up call within 48 hours,Strong ESS candidate - good fit indicators,general_template
Wealth Building Training 2026,2026-06-25,Chicago IL,Hyatt Regency Chicago,Professional Growth Association,events@progrowth.com,(855) 555-0145,https://professionalgrowthassociation.com/training2026,$697,541,80,$15K-$20K ESS Deal,HIGH PRIORITY,advanced_finder,2026-03-01 16:10:44,Email + follow-up call within 48 hours,Strong ESS candidate - good fit indicators,general_template
Wealth Building Conference 2026,2026-04-15,Chicago IL,Marriott Chicago,Elite Entrepreneur Network,info@eliteentrepreneur.net,(888) 555-0177,https://eliteentrepreneurnetwork.com/conference2026,"$1,297",610,100,$20K-$30K ESS Deal,IMMEDIATE CALL,advanced_finder,2026-03-01 16:10:44,Schedule call within 24 hours,"Perfect ESS fit - high ticket price, professional organizer",general_template
Wealth Building Training 2026,2026-04-15,Chicago IL,Chicago Conference Center,Professional Growth Association,events@progrowth.com,(855) 555-0145,https://professionalgrowthassociation.com/training2026,$697,768,80,$15K-$20K ESS Deal,HIGH PRIORITY,advanced_finder,2026-03-01 16:10:44,Email + follow-up call within 48 hours,Strong ESS candidate - good fit indicators,general_template
Wealth Building Training 2026,2026-07-06,Chicago IL,Chicago Convention Center,Professional Growth Association,events@progrowth.com,(855) 555-0145,https://professionalgrowthassociation.com/training2026,$497,608,75,$15K-$20K ESS Deal,HIGH PRIORITY,advanced_finder,2026-03-01 16:10:44,Email + follow-up call within 48 hours,Strong ESS candidate - good fit indicators,general_template
Business Excellence Training 2026,2026-06-22,Miami FL,Hilton Miami Downtown,Professional Growth Association,events@progrowth.com,(855) 555-0145,https://professionalgrowthassociation.com/training2026,$997,985,90,$20K-$30K ESS Deal,IMMEDIATE CALL,advanced_finder,2026-03-01 16:10:44,Schedule call within 24 hours,"Perfect ESS fit - high ticket price, professional organizer",business_template
Business Excellence Networking 2026,2026-08-13,Miami FL,Miami Conference Center,Elite Entrepreneur Network,info@eliteentrepreneur.net,(888) 555-0177,https://eliteentrepreneurnetwork.com/networking2026,"$1,297",314,100,$20K-$30K ESS Deal,IMMEDIATE CALL,advanced_finder,2026-03-01 16:10:44,Schedule call within 24 hours,"Perfect ESS fit - high ticket price, professional organizer",business_template
Business Excellence Workshop 2026,2026-05-07,Miami FL,Hyatt Regency Miami,Success Strategies Group,register@successstrategies.com,(877) 555-0156,https://successstrategiesgroup.com/workshop2026,"$1,997",377,100,$20K-$30K ESS Deal,IMMEDIATE CALL,advanced_finder,2026-03-01 16:10:44,Schedule call within 24 hours,"Perfect ESS fit - high ticket price, professional organizer",business_template
Business Excellence Conference 2026,2026-04-21,Miami FL,Hyatt Regency Miami,National Business Institute,events@nationalbusiness.org,(800) 555-0199,https://nationalbusinessinstitute.com/conference2026,"$2,997",295,100,$20K-$30K ESS Deal,IMMEDIATE CALL,advanced_finder,2026-03-01 16:10:44,Schedule call within 24 hours,"Perfect ESS fit - high ticket price, professional organizer",business_template
Business Excellence Workshop 2026,2026-06-10,Los Angeles CA,Hyatt Regency Los,Investment Education Institute,contact@investmentedu.org,(866) 555-0188,https://investmenteducationinstitute.com/workshop2026,"$1,497",636,100,$20K-$30K ESS Deal,IMMEDIATE CALL,advanced_finder,2026-03-01 16:10:45,Schedule call within 24 hours,"Perfect ESS fit - high ticket price, professional organizer",business_template
Business Excellence Networking 2026,2026-05-30,Los Angeles CA,Hilton Los Downtown,Elite Entrepreneur Network,info@eliteentrepreneur.net,(888) 555-0177,https://eliteentrepreneurnetwork.com/networking2026,$697,1146,85,$20K-$30K ESS Deal,IMMEDIATE CALL,advanced_finder,2026-03-01 16:10:45,Schedule call within 24 hours,"Perfect ESS fit - high ticket price, professional organizer",business_template
Business Excellence Summit 2026,2026-04-18,Los Angeles CA,Los Convention Center,Elite Entrepreneur Network,info@eliteentrepreneur.net,(888) 555-0177,https://eliteentrepreneurnetwork.com/summit2026,$497,720,90,$20K-$30K ESS Deal,IMMEDIATE CALL,advanced_finder,2026-03-01 16:10:45,Schedule call within 24 hours,"Perfect ESS fit - high ticket price, professional organizer",business_template
Business Excellence Training 2026,2026-05-15,New York NY,Hyatt Regency New,Success Strategies Group,register@successstrategies.com,(877) 555-0156,https://successstrategiesgroup.com/training2026,$697,1180,95,$20K-$30K ESS Deal,IMMEDIATE CALL,advanced_finder,2026-03-01 16:10:45,Schedule call within 24 hours,"Perfect ESS fit - high ticket price, professional organizer",business_template
Business Excellence Workshop 2026,2026-05-25,New York NY,Marriott New,Investment Education Institute,contact@investmentedu.org,(866) 555-0188,https://investmenteducationinstitute.com/workshop2026,"$2,497",230,100,$20K-$30K ESS Deal,IMMEDIATE CALL,advanced_finder,2026-03-01 16:10:45,Schedule call within 24 hours,"Perfect ESS fit - high ticket price, professional organizer",business_template
Business Excellence Training 2026,2026-08-07,New York NY,New Conference Center,Success Strategies Group,register@successstrategies.com,(877) 555-0156,https://successstrategiesgroup.com/training2026,$697,580,100,$20K-$30K ESS Deal,IMMEDIATE CALL,advanced_finder,2026-03-01 16:10:45,Schedule call within 24 hours,"Perfect ESS fit - high ticket price, professional organizer",business_template
Business Excellence Intensive 2026,2026-07-09,Dallas TX,Dallas Convention Center,National Business Institute,events@nationalbusiness.org,(800) 555-0199,https://nationalbusinessinstitute.com/intensive2026,"$2,497",382,100,$20K-$30K ESS Deal,IMMEDIATE CALL,advanced_finder,2026-03-01 16:10:46,Schedule call within 24 hours,"Perfect ESS fit - high ticket price, professional organizer",business_template
Business Excellence Training 2026,2026-05-20,Dallas TX,Hilton Dallas Downtown,Professional Growth Association,events@progrowth.com,(855) 555-0145,https://professionalgrowthassociation.com/training2026,$497,548,90,$20K-$30K ESS Deal,IMMEDIATE CALL,advanced_finder,2026-03-01 16:10:46,Schedule call within 24 hours,"Perfect ESS fit - high ticket price, professional organizer",business_template
Business Excellence Conference 2026,2026-04-25,Dallas TX,Hilton Dallas Downtown,Professional Growth Association,events@progrowth.com,(855) 555-0145,https://professionalgrowthassociation.com/conference2026,"$1,297",629,100,$20K-$30K ESS Deal,IMMEDIATE CALL,advanced_finder,2026-03-01 16:10:46,Schedule call within 24 hours,"Perfect ESS fit - high ticket price, professional organizer",business_template
Business Excellence Workshop 2026,2026-05-23,Atlanta GA,Atlanta Conference Center,Success Strategies Group,register@successstrategies.com,(877) 555-0156,https://successstrategiesgroup.com/workshop2026,"$1,497",446,100,$20K-$30K ESS Deal,IMMEDIATE CALL,advanced_finder,2026-03-01 16:10:46,Schedule call within 24 hours,"Perfect ESS fit - high ticket price, professional organizer",business_template
Business Excellence Summit 2026,2026-05-23,Atlanta GA,Atlanta Convention Center,National Business Institute,events@nationalbusiness.org,(800) 555-0199,https://nationalbusinessinstitute.com/summit2026,"$2,997",477,100,$20K-$30K ESS Deal,IMMEDIATE CALL,advanced_finder,2026-03-01 16:10:46,Schedule call within 24 hours,"Perfect ESS fit - high ticket price, professional organizer",business_template
Business Excellence Summit 2026,2026-08-03,Atlanta GA,Marriott Atlanta,National Business Institute,events@nationalbusiness.org,(800) 555-0199,https://nationalbusinessinstitute.com/summit2026,"$2,997",401,100,$20K-$30K ESS Deal,IMMEDIATE CALL,advanced_finder,2026-03-01 16:10:46,Schedule call within 24 hours,"Perfect ESS fit - high ticket price, professional organizer",business_template
Business Excellence Seminar 2026,2026-04-08,Atlanta GA,Hyatt Regency Atlanta,Investment Education Institute,contact@investmentedu.org,(866) 555-0188,https://investmenteducationinstitute.com/seminar2026,"$1,297",624,100,$20K-$30K ESS Deal,IMMEDIATE CALL,advanced_finder,2026-03-01 16:10:46,Schedule call within 24 hours,"Perfect ESS fit - high ticket price, professional organizer",business_template
Business Excellence Training 2026,2026-05-01,Atlanta GA,Marriott Atlanta,Professional Growth Association,events@progrowth.com,(855) 555-0145,https://professionalgrowthassociation.com/training2026,$497,643,80,$15K-$20K ESS Deal,HIGH PRIORITY,advanced_finder,2026-03-01 16:10:46,Email + follow-up call within 48 hours,Strong ESS candidate - good fit indicators,business_template
Business Excellence Summit 2026,2026-04-24,Chicago IL,Hyatt Regency Chicago,Professional Growth Association,events@progrowth.com,(855) 555-0145,https://professionalgrowthassociation.com/summit2026,$997,1033,85,$20K-$30K ESS Deal,IMMEDIATE CALL,advanced_finder,2026-03-01 16:10:47,Schedule call within 24 hours,"Perfect ESS fit - high ticket price, professional organizer",business_template
Business Excellence Conference 2026,2026-08-08,Chicago IL,Chicago Conference Center,Professional Growth Association,events@progrowth.com,(855) 555-0145,https://professionalgrowthassociation.com/conference2026,$497,1088,80,$15K-$20K ESS Deal,HIGH PRIORITY,advanced_finder,2026-03-01 16:10:47,Email + follow-up call within 48 hours,Strong ESS candidate - good fit indicators,business_template
Business Excellence Intensive 2026,2026-04-04,Chicago IL,Chicago Convention Center,National Business Institute,events@nationalbusiness.org,(800) 555-0199,https://nationalbusinessinstitute.com/intensive2026,"$1,997",688,100,$20K-$30K ESS Deal,IMMEDIATE CALL,advanced_finder,2026-03-01 16:10:47,Schedule call within 24 hours,"Perfect ESS fit - high ticket price, professional organizer",business_template
Business Excellence Seminar 2026,2026-05-11,Chicago IL,Chicago Convention Center,Investment Education Institute,contact@investmentedu.org,(866) 555-0188,https://investmenteducationinstitute.com/seminar2026,$997,1009,95,$20K-$30K ESS Deal,IMMEDIATE CALL,advanced_finder,2026-03-01 16:10:47,Schedule call within 24 hours,"Perfect ESS fit - high ticket price, professional organizer",business_template
Business Excellence Intensive 2026,2026-05-23,Chicago IL,Hyatt Regency Chicago,National Business Institute,events@nationalbusiness.org,(800) 555-0199,https://nationalbusinessinstitute.com/intensive2026,"$1,997",774,100,$20K-$30K ESS Deal,IMMEDIATE CALL,advanced_finder,2026-03-01 16:10:47,Schedule call within 24 hours,"Perfect ESS fit - high ticket price, professional organizer",business_template
Investment Strategies Mastermind 2026,2026-07-13,Miami FL,Miami Conference Center,Success Strategies Group,register@successstrategies.com,(877) 555-0156,https://successstrategiesgroup.com/mastermind2026,"$1,297",435,100,$20K-$30K ESS Deal,IMMEDIATE CALL,advanced_finder,2026-03-01 16:10:48,Schedule call within 24 hours,"Perfect ESS fit - high ticket price, professional organizer",general_template
Investment Strategies Training 2026,2026-07-04,Miami FL,Miami Convention Center,Professional Growth Association,events@progrowth.com,(855) 555-0145,https://professionalgrowthassociation.com/training2026,"$1,297",311,85,$20K-$30K ESS Deal,IMMEDIATE CALL,advanced_finder,2026-03-01 16:10:48,Schedule call within 24 hours,"Perfect ESS fit - high ticket price, professional organizer",general_template
Investment Strategies Networking 2026,2026-06-05,Miami FL,Hilton Miami Downtown,Elite Entrepreneur Network,info@eliteentrepreneur.net,(888) 555-0177,https://eliteentrepreneurnetwork.com/networking2026,$497,781,75,$15K-$20K ESS Deal,HIGH PRIORITY,advanced_finder,2026-03-01 16:10:48,Email + follow-up call within 48 hours,Strong ESS candidate - good fit indicators,general_template
Investment Strategies Intensive 2026,2026-06-09,Miami FL,Hyatt Regency Miami,Investment Education Institute,contact@investmentedu.org,(866) 555-0188,https://investmenteducationinstitute.com/intensive2026,$997,942,100,$20K-$30K ESS Deal,IMMEDIATE CALL,advanced_finder,2026-03-01 16:10:48,Schedule call within 24 hours,"Perfect ESS fit - high ticket price, professional organizer",general_template
Investment Strategies Workshop 2026,2026-08-21,Miami FL,Marriott Miami,Success Strategies Group,register@successstrategies.com,(877) 555-0156,https://successstrategiesgroup.com/workshop2026,"$1,497",539,95,$20K-$30K ESS Deal,IMMEDIATE CALL,advanced_finder,2026-03-01 16:10:48,Schedule call within 24 hours,"Perfect ESS fit - high ticket price, professional organizer",general_template
Investment Strategies Summit 2026,2026-05-03,Los Angeles CA,Marriott Los,National Business Institute,events@nationalbusiness.org,(800) 555-0199,https://nationalbusinessinstitute.com/summit2026,"$1,997",384,100,$20K-$30K ESS Deal,IMMEDIATE CALL,advanced_finder,2026-03-01 16:10:48,Schedule call within 24 hours,"Perfect ESS fit - high ticket price, professional organizer",general_template
Investment Strategies Conference 2026,2026-06-10,Los Angeles CA,Hyatt Regency Los,National Business Institute,events@nationalbusiness.org,(800) 555-0199,https://nationalbusinessinstitute.com/conference2026,"$1,997",344,100,$20K-$30K ESS Deal,IMMEDIATE CALL,advanced_finder,2026-03-01 16:10:48,Schedule call within 24 hours,"Perfect ESS fit - high ticket price, professional organizer",general_template
Investment Strategies Intensive 2026,2026-05-05,Los Angeles CA,Los Conference Center,National Business Institute,events@nationalbusiness.org,(800) 555-0199,https://nationalbusinessinstitute.com/intensive2026,"$2,497",259,100,$20K-$30K ESS Deal,IMMEDIATE CALL,advanced_finder,2026-03-01 16:10:48,Schedule call within 24 hours,"Perfect ESS fit - high ticket price, professional organizer",general_template
Investment Strategies Intensive 2026,2026-07-02,Los Angeles CA,Hilton Los Downtown,National Business Institute,events@nationalbusiness.org,(800) 555-0199,https://nationalbusinessinstitute.com/intensive2026,"$1,997",478,100,$20K-$30K ESS Deal,IMMEDIATE CALL,advanced_finder,2026-03-01 16:10:48,Schedule call within 24 hours,"Perfect ESS fit - high ticket price, professional organizer",general_template
Investment Strategies Seminar 2026,2026-08-20,New York NY,Marriott New,Investment Education Institute,contact@investmentedu.org,(866) 555-0188,https://investmenteducationinstitute.com/seminar2026,$697,828,85,$20K-$30K ESS Deal,IMMEDIATE CALL,advanced_finder,2026-03-01 16:10:49,Schedule call within 24 hours,"Perfect ESS fit - high ticket price, professional organizer",general_template
Investment Strategies Summit 2026,2026-05-25,New York NY,New Convention Center,Professional Growth Association,events@progrowth.com,(855) 555-0145,https://professionalgrowthassociation.com/summit2026,$497,1082,80,$15K-$20K ESS Deal,HIGH PRIORITY,advanced_finder,2026-03-01 16:10:49,Email + follow-up call within 48 hours,Strong ESS candidate - good fit indicators,general_template
Investment Strategies Seminar 2026,2026-05-18,New York NY,Hyatt Regency New,Investment Education Institute,contact@investmentedu.org,(866) 555-0188,https://investmenteducationinstitute.com/seminar2026,"$1,297",753,95,$20K-$30K ESS Deal,IMMEDIATE CALL,advanced_finder,2026-03-01 16:10:49,Schedule call within 24 hours,"Perfect ESS fit - high ticket price, professional organizer",general_template
Investment Strategies Seminar 2026,2026-06-07,New York NY,Hilton New Downtown,Investment Education Institute,contact@investmentedu.org,(866) 555-0188,https://investmenteducationinstitute.com/seminar2026,$497,980,80,$15K-$20K ESS Deal,HIGH PRIORITY,advanced_finder,2026-03-01 16:10:49,Email + follow-up call within 48 hours,Strong ESS candidate - good fit indicators,general_template
Investment Strategies Summit 2026,2026-07-19,Dallas TX,Hilton Dallas Downtown,Elite Entrepreneur Network,info@eliteentrepreneur.net,(888) 555-0177,https://eliteentrepreneurnetwork.com/summit2026,$497,762,90,$20K-$30K ESS Deal,IMMEDIATE CALL,advanced_finder,2026-03-01 16:10:49,Schedule call within 24 hours,"Perfect ESS fit - high ticket price, professional organizer",general_template
Investment Strategies Workshop 2026,2026-07-11,Dallas TX,Marriott Dallas,Success Strategies Group,register@successstrategies.com,(877) 555-0156,https://successstrategiesgroup.com/workshop2026,"$2,497",339,100,$20K-$30K ESS Deal,IMMEDIATE CALL,advanced_finder,2026-03-01 16:10:49,Schedule call within 24 hours,"Perfect ESS fit - high ticket price, professional organizer",general_template
Investment Strategies Workshop 2026,2026-06-23,Dallas TX,Hilton Dallas Downtown,Success Strategies Group,register@successstrategies.com,(877) 555-0156,https://successstrategiesgroup.com/workshop2026,"$1,997",752,95,$20K-$30K ESS Deal,IMMEDIATE CALL,advanced_finder,2026-03-01 16:10:49,Schedule call within 24 hours,"Perfect ESS fit - high ticket price, professional organizer",general_template
Investment Strategies Seminar 2026,2026-04-19,Dallas TX,Hilton Dallas Downtown,Investment Education Institute,contact@investmentedu.org,(866) 555-0188,https://investmenteducationinstitute.com/seminar2026,$997,1166,80,$15K-$20K ESS Deal,HIGH PRIORITY,advanced_finder,2026-03-01 16:10:49,Email + follow-up call within 48 hours,Strong ESS candidate - good fit indicators,general_template
Investment Strategies Seminar 2026,2026-06-21,Dallas TX,Hyatt Regency Dallas,Investment Education Institute,contact@investmentedu.org,(866) 555-0188,https://investmenteducationinstitute.com/seminar2026,$997,585,90,$20K-$30K ESS Deal,IMMEDIATE CALL,advanced_finder,2026-03-01 16:10:49,Schedule call within 24 hours,"Perfect ESS fit - high ticket price, professional organizer",general_template
Investment Strategies Workshop 2026,2026-06-21,Atlanta GA,Atlanta Conference Center,Success Strategies Group,register@successstrategies.com,(877) 555-0156,https://successstrategiesgroup.com/workshop2026,"$1,497",625,85,$20K-$30K ESS Deal,IMMEDIATE CALL,advanced_finder,2026-03-01 16:10:50,Schedule call within 24 hours,"Perfect ESS fit - high ticket price, professional organizer",general_template
Investment Strategies Training 2026,2026-05-02,Atlanta GA,Atlanta Conference Center,Success Strategies Group,register@successstrategies.com,(877) 555-0156,https://successstrategiesgroup.com/training2026,$697,1128,70,$15K-$20K ESS Deal,HIGH PRIORITY,advanced_finder,2026-03-01 16:10:50,Email + follow-up call within 48 hours,Strong ESS candidate - good fit indicators,general_template
Investment Strategies Conference 2026,2026-06-11,Atlanta GA,Marriott Atlanta,Professional Growth Association,events@progrowth.com,(855) 555-0145,https://professionalgrowthassociation.com/conference2026,$497,1053,70,$15K-$20K ESS Deal,HIGH PRIORITY,advanced_finder,2026-03-01 16:10:50,Email + follow-up call within 48 hours,Strong ESS candidate - good fit indicators,general_template
Investment Strategies Conference 2026,2026-08-26,Chicago IL,Hilton Chicago Downtown,Elite Entrepreneur Network,info@eliteentrepreneur.net,(888) 555-0177,https://eliteentrepreneurnetwork.com/conference2026,"$1,297",581,100,$20K-$30K ESS Deal,IMMEDIATE CALL,advanced_finder,2026-03-01 16:10:50,Schedule call within 24 hours,"Perfect ESS fit - high ticket price, professional organizer",general_template
Investment Strategies Intensive 2026,2026-08-07,Chicago IL,Marriott Chicago,Investment Education Institute,contact@investmentedu.org,(866) 555-0188,https://investmenteducationinstitute.com/intensive2026,$997,1092,95,$20K-$30K ESS Deal,IMMEDIATE CALL,advanced_finder,2026-03-01 16:10:50,Schedule call within 24 hours,"Perfect ESS fit - high ticket price, professional organizer",general_template
Investment Strategies Training 2026,2026-07-29,Chicago IL,Hyatt Regency Chicago,Professional Growth Association,events@progrowth.com,(855) 555-0145,https://professionalgrowthassociation.com/training2026,$697,923,75,$15K-$20K ESS Deal,HIGH PRIORITY,advanced_finder,2026-03-01 16:10:50,Email + follow-up call within 48 hours,Strong ESS candidate - good fit indicators,general_template
