Event Name,Host Name,Event Date,Location,Venue,Expected Attendance,Ticket Price,Backend Offer Value,Contact Email,Contact Phone,Website,Social Following,Previous Events,Marketing Budget Est,Qualification Score,ESS Opportunity Value,Priority Level,Source,Discovery Date,Notes
Revenue Growth Summit,Kevin Chen,2026-06-18,"Orlando, FL",Omni Hotel,702,$618.00,$32422,kevin.chen@revenuegrowthsu.com,852-288-5809,https://www.revenuegrowthsummit.com,"26,599",14,$25868,83,$19453,MEDIUM,Auto-Discovery,2026-02-22 14:43:50,Discovered via automated system. High social media engagement
Entrepreneur Summit,Jessica Lee,2026-03-28,"Houston, TX",Plaza Hotel,950,$730.00,$36760,jessica.lee@entrepreneursum.com,759-743-2439,https://www.entrepreneursummit.com,"39,735",15,$30024,81,$22056,MEDIUM,Auto-Discovery,2026-02-22 14:43:50,Discovered via automated system. Premium pricing strategy
CEO Success Formula,Ryan Miller,2026-07-28,"Houston, TX",Executive Resort,1074,$707.00,$20134,ryan.miller@ceosuccessformu.com,531-612-3211,https://www.ceosuccessformula.com,"58,486",11,$84633,78,$12080,MEDIUM,Auto-Discovery,2026-02-22 14:43:50,Discovered via automated system. High social media engagement
Sales Excellence Bootcamp,Jennifer Kim,2026-05-08,"Nashville, TN",Renaissance,572,$464.00,$28341,jennifer.kim@salesexcellence.com,543-650-7755,https://www.salesexcellencebootc.com,"68,745",17,$43987,85,$17005,MEDIUM,Auto-Discovery,2026-02-22 14:43:50,Discovered via automated system. Premium pricing strategy
REI Mastermind,Mark Williams,2026-04-25,"Miami, FL",Sheraton,574,$376.00,$17794,mark.williams@reimastermind.com,453-559-1564,https://www.reimastermind.com,"92,323",2,$44014,68,$10676,LOW,Auto-Discovery,2026-02-22 14:43:50,Discovered via automated system. High social media engagement
Million Dollar Business Blueprint,James Park,2026-08-21,"Chicago, IL",Grand Hotel,1053,$701.00,$40500,james.park@milliondollarbi.com,748-555-5925,https://www.milliondollarbizblue.com,"116,895",6,$84081,98,$24300,HIGH,Auto-Discovery,2026-02-22 14:43:50,Discovered via automated system. Proven marketing spend
Property Profits Bootcamp,Mark Williams,2026-06-10,"Dallas, TX",Marriott Hotel,592,$311.00,$13047,mark.williams@propertyprofits.com,254-824-1710,https://www.propertyprofitsbootc.com,"43,701",12,$44845,77,$7828,MEDIUM,Auto-Discovery,2026-02-22 14:43:50,Discovered via automated system. Premium pricing strategy
Business Growth Conference,Ryan Miller,2026-04-10,"Chicago, IL",Convention Center,995,$677.00,$30182,ryan.miller@bizgrowthconfer.com,948-528-3218,https://www.bizgrowthconference.com,"38,283",6,$88582,88,$18109,MEDIUM,Auto-Discovery,2026-02-22 14:43:50,Discovered via automated system. Large audience base
Real Estate Investment Summit,Mark Williams,2026-03-28,"Miami, FL",Resort & Spa,447,$493.00,$16486,mark.williams@realestateinves.com,525-616-3799,https://www.realestateinvestment.com,"73,635",14,$65606,81,$9892,MEDIUM,Auto-Discovery,2026-02-22 14:43:50,Discovered via automated system. Strong previous event track record
Real Estate Investment Summit,Sarah Thompson,2026-04-12,"Atlanta, GA",Marriott Hotel,621,$426.00,$19370,sarah.thompson@realestateinves.com,781-693-9646,https://www.realestateinvestment.com,"55,237",8,$60150,85,$11622,MEDIUM,Auto-Discovery,2026-02-22 14:43:50,Discovered via automated system. Large audience base
CEO Success Formula,Ryan Miller,2026-04-08,"Houston, TX",Convention Center,751,$718.00,$48196,ryan.miller@ceosuccessformu.com,801-935-2787,https://www.ceosuccessformula.com,"113,604",20,$87757,78,$28918,MEDIUM,Auto-Discovery,2026-02-22 14:44:24,Discovered via automated system. Strong previous event track record
Sales Excellence Bootcamp,Kevin Chen,2026-06-15,"Nashville, TN",MGM Grand,516,$522.00,$28657,kevin.chen@salesexcellence.com,833-501-9799,https://www.salesexcellencebootc.com,"115,814",2,$96843,95,$17194,HIGH,Auto-Discovery,2026-02-22 14:44:24,Discovered via automated system. Strong previous event track record
CEO Success Formula,Ryan Miller,2026-07-05,"Chicago, IL",Executive Resort,911,$882.00,$44604,ryan.miller@ceosuccessformu.com,817-859-8200,https://www.ceosuccessformula.com,"55,070",7,$74285,74,$26762,LOW,Auto-Discovery,2026-02-22 14:44:24,Discovered via automated system. Strong previous event track record
Revenue Growth Summit,Maria Gonzalez,2026-04-03,"Austin, TX",Renaissance,512,$540.00,$29101,maria.gonzalez@revenuegrowthsu.com,583-416-2273,https://www.revenuegrowthsummit.com,"78,678",5,$26681,83,$17461,MEDIUM,Auto-Discovery,2026-02-22 14:44:24,Discovered via automated system. Premium pricing strategy
Property Profits Bootcamp,David Martinez,2026-04-03,"Phoenix, AZ",Sheraton,469,$330.00,$24083,david.martinez@propertyprofits.com,687-762-1779,https://www.propertyprofitsbootc.com,"100,772",9,$21222,76,$14450,MEDIUM,Auto-Discovery,2026-02-22 14:44:24,Discovered via automated system. Strong previous event track record
Real Estate Riches Workshop,Robert Johnson,2026-04-13,"Dallas, TX",Sheraton,346,$447.00,$12070,robert.johnson@realestateriche.com,780-999-5965,https://www.realestatericheswork.com,"50,366",13,$48411,73,$7242,LOW,Auto-Discovery,2026-02-22 14:44:24,Discovered via automated system. Proven marketing spend
Business Growth Conference,Amanda Foster,2026-05-18,"Seattle, WA",Executive Resort,774,$677.00,$37284,amanda.foster@bizgrowthconfer.com,294-216-2868,https://www.bizgrowthconference.com,"66,508",12,$28736,85,$22370,MEDIUM,Auto-Discovery,2026-02-22 14:44:24,Discovered via automated system. High social media engagement
Real Estate Riches Workshop,David Martinez,2026-05-23,"Dallas, TX",Marriott Hotel,648,$284.00,$23375,david.martinez@realestateriche.com,959-332-5414,https://www.realestatericheswork.com,"19,895",20,$47792,77,$14025,MEDIUM,Auto-Discovery,2026-02-22 14:44:24,Discovered via automated system. Premium pricing strategy
REI Mastermind,David Martinez,2026-06-09,"Phoenix, AZ",Hilton Downtown,622,$491.00,$16025,david.martinez@reimastermind.com,625-972-5428,https://www.reimastermind.com,"116,368",13,$97559,78,$9615,MEDIUM,Auto-Discovery,2026-02-22 14:44:24,Discovered via automated system. Large audience base
High Ticket Closing Intensive,Michael Rodriguez,2026-03-25,"Denver, CO",Renaissance,632,$665.00,$29766,michael.rodriguez@highticketclosi.com,807-849-8564,https://www.highticketclosingint.com,"105,941",17,$18581,67,$17860,LOW,Auto-Discovery,2026-02-22 14:44:50,Discovered via automated system. High social media engagement
Revenue Growth Summit,Maria Gonzalez,2026-06-16,"Denver, CO",Omni Hotel,873,$483.00,$34227,maria.gonzalez@revenuegrowthsu.com,277-394-5965,https://www.revenuegrowthsummit.com,"84,027",4,$92067,92,$20536,HIGH,Auto-Discovery,2026-02-22 14:44:50,Discovered via automated system. Large audience base
Entrepreneur Summit,James Park,2026-04-22,"Houston, TX",Business Center,1053,$794.00,$24740,james.park@entrepreneursum.com,278-943-9650,https://www.entrepreneursummit.com,"11,251",4,$37734,78,$14844,MEDIUM,Auto-Discovery,2026-02-22 14:44:50,Discovered via automated system. Proven marketing spend
Scale Your Business Workshop,James Park,2026-06-06,"San Diego, CA",Executive Resort,752,$732.00,$32332,james.park@scaleyourbizwor.com,513-725-6928,https://www.scaleyourbizworkshop.com,"56,916",9,$41392,85,$19399,MEDIUM,Auto-Discovery,2026-02-22 14:44:50,Discovered via automated system. Large audience base
REI Mastermind,David Martinez,2026-07-28,"Atlanta, GA",Hilton Downtown,446,$291.00,$11531,david.martinez@reimastermind.com,509-765-7256,https://www.reimastermind.com,"36,843",12,$40761,58,$6919,NURTURE,Auto-Discovery,2026-02-22 14:44:50,Discovered via automated system. Proven marketing spend
REI Mastermind,Sarah Thompson,2026-05-14,"Dallas, TX",Marriott Hotel,627,$287.00,$14153,sarah.thompson@reimastermind.com,804-847-8847,https://www.reimastermind.com,"26,613",4,$93977,69,$8492,LOW,Auto-Discovery,2026-02-22 14:44:50,Discovered via automated system. Proven marketing spend
Property Profits Bootcamp,Sarah Thompson,2026-08-14,"Phoenix, AZ",Marriott Hotel,596,$276.00,$11079,sarah.thompson@propertyprofits.com,407-905-7235,https://www.propertyprofitsbootc.com,"79,796",10,$94116,86,$6647,MEDIUM,Auto-Discovery,2026-02-22 14:44:50,Discovered via automated system. Premium pricing strategy
Scale Your Business Workshop,Ryan Miller,2026-08-21,"Seattle, WA",Executive Resort,903,$698.00,$40430,ryan.miller@scaleyourbizwor.com,526-588-8964,https://www.scaleyourbizworkshop.com,"14,836",18,$73424,83,$24258,MEDIUM,Auto-Discovery,2026-02-22 14:44:50,Discovered via automated system. Large audience base
Real Estate Riches Workshop,Sarah Thompson,2026-06-09,"Atlanta, GA",Resort & Spa,663,$249.00,$15152,sarah.thompson@realestateriche.com,681-329-4776,https://www.realestatericheswork.com,"26,777",5,$79110,88,$9091,MEDIUM,Auto-Discovery,2026-02-22 14:44:50,Discovered via automated system. Large audience base
REI Mastermind,Robert Johnson,2026-03-29,"Dallas, TX",Resort & Spa,650,$445.00,$23135,robert.johnson@reimastermind.com,433-389-6803,https://www.reimastermind.com,"14,924",18,$37736,60,$13881,LOW,Auto-Discovery,2026-02-22 14:44:50,Discovered via automated system. Strong previous event track record
High Ticket Closing Intensive,Kevin Chen,2026-08-18,"Orlando, FL",Renaissance,763,$540.00,$34747,kevin.chen@highticketclosi.com,664-844-8450,https://www.highticketclosingint.com,"81,875",5,$44052,70,$20848,LOW,Auto-Discovery,2026-02-22 14:44:50,Discovered via automated system. Proven marketing spend
CEO Success Formula,Nicole Davis,2026-08-17,"San Diego, CA",Plaza Hotel,859,$750.00,$26909,nicole.davis@ceosuccessformu.com,529-631-7842,https://www.ceosuccessformula.com,"120,870",4,$79118,80,$16145,MEDIUM,Auto-Discovery,2026-02-22 14:45:10,Discovered via automated system. Strong previous event track record
Entrepreneur Summit,Amanda Foster,2026-07-13,"Houston, TX",Plaza Hotel,868,$663.00,$32716,amanda.foster@entrepreneursum.com,841-232-3533,https://www.entrepreneursummit.com,"89,487",12,$21192,81,$19630,MEDIUM,Auto-Discovery,2026-02-22 14:45:10,Discovered via automated system. Proven marketing spend
Business Growth Conference,James Park,2026-05-28,"Houston, TX",Business Center,928,$682.00,$29714,james.park@bizgrowthconfer.com,474-464-8000,https://www.bizgrowthconference.com,"63,215",17,$53752,89,$17828,MEDIUM,Auto-Discovery,2026-02-22 14:45:10,Discovered via automated system. High social media engagement
CEO Success Formula,Ryan Miller,2026-07-18,"Seattle, WA",Plaza Hotel,748,$756.00,$35277,ryan.miller@ceosuccessformu.com,757-447-9875,https://www.ceosuccessformula.com,"96,526",7,$60227,74,$21166,LOW,Auto-Discovery,2026-02-22 14:45:10,Discovered via automated system. Proven marketing spend
Property Wealth Conference,Lisa Chen,2026-06-14,"Tampa, FL",Sheraton,696,$356.00,$20907,lisa.chen@propertywealthc.com,227-538-6859,https://www.propertywealthconfer.com,"31,330",10,$95895,88,$12544,MEDIUM,Auto-Discovery,2026-02-22 14:45:10,Discovered via automated system. High social media engagement
Entrepreneur Summit,James Park,2026-04-12,"Chicago, IL",Convention Center,726,$655.00,$44012,james.park@entrepreneursum.com,505-500-4126,https://www.entrepreneursummit.com,"110,799",18,$99154,93,$26407,HIGH,Auto-Discovery,2026-02-22 14:45:10,Discovered via automated system. High social media engagement
Real Estate Investment Summit,Sarah Thompson,2026-04-20,"Tampa, FL",Sheraton,571,$375.00,$22259,sarah.thompson@realestateinves.com,914-575-2235,https://www.realestateinvestment.com,"33,226",19,$66635,83,$13355,MEDIUM,Auto-Discovery,2026-02-22 14:45:10,Discovered via automated system. Premium pricing strategy
High Ticket Closing Intensive,Kevin Chen,2026-07-12,"Nashville, TN",Hyatt Regency,624,$647.00,$22880,kevin.chen@highticketclosi.com,578-238-3774,https://www.highticketclosingint.com,"28,403",16,$91948,73,$13728,LOW,Auto-Discovery,2026-02-22 15:19:30,Discovered via automated system. Proven marketing spend
Sales Domination Conference,Kevin Chen,2026-03-27,"Las Vegas, NV",MGM Grand,571,$598.00,$18970,kevin.chen@salesdomination.com,597-900-6231,https://www.salesdominationconfe.com,"18,022",7,$31436,75,$11382,MEDIUM,Auto-Discovery,2026-02-22 15:19:30,Discovered via automated system. Premium pricing strategy
Scale Your Business Workshop,James Park,2026-08-07,"Houston, TX",Executive Resort,857,$878.00,$42421,james.park@scaleyourbizwor.com,211-549-9491,https://www.scaleyourbizworkshop.com,"66,595",2,$18678,81,$25453,MEDIUM,Auto-Discovery,2026-02-22 15:19:30,Discovered via automated system. High social media engagement
Real Estate Riches Workshop,Sarah Thompson,2026-04-12,"Dallas, TX",Hilton Downtown,475,$322.00,$13451,sarah.thompson@realestateriche.com,849-458-7457,https://www.realestatericheswork.com,"94,388",10,$93308,80,$8071,MEDIUM,Auto-Discovery,2026-02-22 15:19:30,Discovered via automated system. High social media engagement
Million Dollar Business Blueprint,Ryan Miller,2026-07-28,"Phoenix, AZ",Plaza Hotel,1053,$776.00,$49966,ryan.miller@milliondollarbi.com,308-764-7771,https://www.milliondollarbizblue.com,"100,008",8,$29145,91,$29980,HIGH,Auto-Discovery,2026-02-22 15:19:30,Discovered via automated system. High social media engagement
Property Wealth Conference,David Martinez,2026-04-07,"Phoenix, AZ",Convention Center,634,$263.00,$20825,david.martinez@propertywealthc.com,849-664-8678,https://www.propertywealthconfer.com,"113,422",16,$39064,84,$12495,MEDIUM,Auto-Discovery,2026-02-22 15:19:30,Discovered via automated system. High social media engagement
Sales Excellence Bootcamp,Maria Gonzalez,2026-08-07,"Las Vegas, NV",Four Seasons,716,$507.00,$34663,maria.gonzalez@salesexcellence.com,522-904-1232,https://www.salesexcellencebootc.com,"6,535",9,$59499,79,$20798,MEDIUM,Auto-Discovery,2026-02-22 15:19:30,Discovered via automated system. Strong previous event track record
Scale Your Business Workshop,Ryan Miller,2026-08-05,"Houston, TX",Executive Resort,726,$732.00,$31798,ryan.miller@scaleyourbizwor.com,802-450-2075,https://www.scaleyourbizworkshop.com,"77,299",11,$87946,92,$19079,HIGH,Auto-Discovery,2026-02-22 15:19:30,Discovered via automated system. Proven marketing spend
Entrepreneur Summit,Ryan Miller,2026-07-17,"San Diego, CA",Grand Hotel,1003,$762.00,$36869,ryan.miller@entrepreneursum.com,974-331-8169,https://www.entrepreneursummit.com,"102,375",10,$29250,91,$22121,HIGH,Auto-Discovery,2026-02-22 15:19:30,Discovered via automated system. High social media engagement
Real Estate Investment Summit,Lisa Chen,2026-04-04,"Phoenix, AZ",Hilton Downtown,641,$349.00,$19820,lisa.chen@realestateinves.com,729-450-3236,https://www.realestateinvestment.com,"86,066",5,$51312,85,$11892,MEDIUM,Auto-Discovery,2026-02-22 15:19:40,Discovered via automated system. Premium pricing strategy
REI Mastermind,David Martinez,2026-07-26,"Dallas, TX",Hilton Downtown,307,$420.00,$13003,david.martinez@reimastermind.com,283-368-8376,https://www.reimastermind.com,"93,600",12,$17846,56,$7802,NURTURE,Auto-Discovery,2026-02-22 15:19:40,Discovered via automated system. Large audience base
REI Mastermind,David Martinez,2026-06-03,"Tampa, FL",Marriott Hotel,601,$258.00,$18838,david.martinez@reimastermind.com,848-397-6044,https://www.reimastermind.com,"86,148",20,$84168,75,$11303,MEDIUM,Auto-Discovery,2026-02-22 15:19:40,Discovered via automated system. Proven marketing spend
Property Wealth Conference,Sarah Thompson,2026-08-15,"Dallas, TX",Resort & Spa,418,$330.00,$19288,sarah.thompson@propertywealthc.com,591-229-2337,https://www.propertywealthconfer.com,"88,383",7,$19703,75,$11573,MEDIUM,Auto-Discovery,2026-02-22 15:19:40,Discovered via automated system. Premium pricing strategy
Scale Your Business Workshop,Amanda Foster,2026-07-01,"San Diego, CA",Business Center,948,$655.00,$40597,amanda.foster@scaleyourbizwor.com,823-533-1803,https://www.scaleyourbizworkshop.com,"106,500",13,$35654,88,$24358,MEDIUM,Auto-Discovery,2026-02-22 15:19:40,Discovered via automated system. High social media engagement
Scale Your Business Workshop,Amanda Foster,2026-04-17,"Houston, TX",Executive Resort,948,$682.00,$46657,amanda.foster@scaleyourbizwor.com,371-443-5314,https://www.scaleyourbizworkshop.com,"66,182",8,$55439,87,$27994,MEDIUM,Auto-Discovery,2026-02-22 15:19:40,Discovered via automated system. Strong previous event track record
Property Wealth Conference,Robert Johnson,2026-06-05,"Tampa, FL",Resort & Spa,514,$281.00,$18862,robert.johnson@propertywealthc.com,781-750-6966,https://www.propertywealthconfer.com,"18,883",19,$72052,81,$11317,MEDIUM,Auto-Discovery,2026-02-22 15:19:40,Discovered via automated system. Large audience base
Revenue Growth Summit,Maria Gonzalez,2026-08-07,"Nashville, TN",Renaissance,737,$489.00,$32253,maria.gonzalez@revenuegrowthsu.com,236-746-3109,https://www.revenuegrowthsummit.com,"94,225",3,$52702,89,$19352,MEDIUM,Auto-Discovery,2026-02-22 15:19:40,Discovered via automated system. Strong previous event track record
High Ticket Closing Intensive,Alex Thompson,2026-06-21,"Nashville, TN",MGM Grand,769,$683.00,$29916,alex.thompson@highticketclosi.com,729-804-6292,https://www.highticketclosingint.com,"101,352",17,$36689,73,$17950,LOW,Auto-Discovery,2026-02-22 15:19:40,Discovered via automated system. High social media engagement
Property Profits Bootcamp,David Martinez,2026-07-05,"Atlanta, GA",Resort & Spa,350,$321.00,$22967,david.martinez@propertyprofits.com,231-789-6653,https://www.propertyprofitsbootc.com,"116,871",19,$44560,82,$13780,MEDIUM,Auto-Discovery,2026-02-22 15:19:40,Discovered via automated system. Large audience base
CEO Success Formula,Nicole Davis,2026-07-07,"San Diego, CA",Executive Resort,1055,$882.00,$47240,nicole.davis@ceosuccessformu.com,754-453-8179,https://www.ceosuccessformula.com,"24,531",3,$61357,71,$28344,LOW,Auto-Discovery,2026-02-22 15:19:40,Discovered via automated system. Proven marketing spend
Revenue Growth Summit,Alex Thompson,2026-03-28,"Nashville, TN",Four Seasons,730,$654.00,$34770,alex.thompson@revenuegrowthsu.com,223-362-8984,https://www.revenuegrowthsummit.com,"39,216",9,$21896,77,$20862,MEDIUM,Auto-Discovery,2026-02-22 15:27:07,Discovered via automated system. High social media engagement
REI Mastermind,David Martinez,2026-07-04,"Dallas, TX",Hilton Downtown,389,$479.00,$16932,david.martinez@reimastermind.com,390-693-1357,https://www.reimastermind.com,"29,213",17,$88022,69,$10159,LOW,Auto-Discovery,2026-02-22 15:27:07,Discovered via automated system. Premium pricing strategy
Sales Excellence Bootcamp,Michael Rodriguez,2026-08-07,"Las Vegas, NV",MGM Grand,597,$687.00,$25058,michael.rodriguez@salesexcellence.com,823-546-8894,https://www.salesexcellencebootc.com,"66,623",2,$95113,92,$15035,HIGH,Auto-Discovery,2026-02-22 15:27:07,Discovered via automated system. High social media engagement
Business Growth Conference,Jessica Lee,2026-08-09,"Seattle, WA",Business Center,881,$680.00,$30904,jessica.lee@bizgrowthconfer.com,431-693-6321,https://www.bizgrowthconference.com,"84,331",10,$51321,89,$18542,MEDIUM,Auto-Discovery,2026-02-22 15:27:07,Discovered via automated system. Large audience base
Business Growth Conference,James Park,2026-05-23,"Chicago, IL",Plaza Hotel,1003,$887.00,$21223,james.park@bizgrowthconfer.com,308-994-4330,https://www.bizgrowthconference.com,"41,614",15,$62092,88,$12734,MEDIUM,Auto-Discovery,2026-02-22 15:27:07,Discovered via automated system. Premium pricing strategy
Property Wealth Conference,David Martinez,2026-03-28,"Atlanta, GA",Marriott Hotel,627,$368.00,$22433,david.martinez@propertywealthc.com,983-883-4489,https://www.propertywealthconfer.com,"30,349",8,$57224,83,$13460,MEDIUM,Auto-Discovery,2026-02-22 15:27:07,Discovered via automated system. Large audience base
Scale Your Business Workshop,Nicole Davis,2026-07-13,"Houston, TX",Business Center,859,$893.00,$41656,nicole.davis@scaleyourbizwor.com,847-715-7155,https://www.scaleyourbizworkshop.com,"13,401",19,$24467,75,$24994,MEDIUM,Auto-Discovery,2026-02-22 16:27:07,Discovered via automated system. High social media engagement
Revenue Growth Summit,Alex Thompson,2026-04-07,"Austin, TX",Four Seasons,583,$485.00,$32967,alex.thompson@revenuegrowthsu.com,490-366-5959,https://www.revenuegrowthsummit.com,"124,955",18,$28550,86,$19780,MEDIUM,Auto-Discovery,2026-02-22 16:27:07,Discovered via automated system. Strong previous event track record
Property Profits Bootcamp,Lisa Chen,2026-08-17,"Tampa, FL",Resort & Spa,521,$488.00,$16463,lisa.chen@propertyprofits.com,957-489-5060,https://www.propertyprofitsbootc.com,"78,235",20,$60584,87,$9878,MEDIUM,Auto-Discovery,2026-02-22 16:27:07,Discovered via automated system. Strong previous event track record
Closing Mastery Workshop,Alex Thompson,2026-06-17,"Nashville, TN",MGM Grand,877,$644.00,$26384,alex.thompson@closingmasteryw.com,523-895-6016,https://www.closingmasteryworksh.com,"23,522",7,$36563,79,$15830,MEDIUM,Auto-Discovery,2026-02-22 16:27:07,Discovered via automated system. Strong previous event track record
Scale Your Business Workshop,Jessica Lee,2026-05-18,"Chicago, IL",Executive Resort,916,$671.00,$20370,jessica.lee@scaleyourbizwor.com,300-600-8102,https://www.scaleyourbizworkshop.com,"36,061",14,$32411,81,$12222,MEDIUM,Auto-Discovery,2026-02-22 16:27:07,Discovered via automated system. Proven marketing spend
Entrepreneur Summit,James Park,2026-04-20,"Chicago, IL",Convention Center,1022,$798.00,$26271,james.park@entrepreneursum.com,353-313-2815,https://www.entrepreneursummit.com,"102,777",2,$98470,96,$15763,HIGH,Auto-Discovery,2026-02-22 16:27:07,Discovered via automated system. Proven marketing spend
Entrepreneur Summit,Jessica Lee,2026-07-06,"San Diego, CA",Grand Hotel,835,$664.00,$45776,jessica.lee@entrepreneursum.com,504-500-5777,https://www.entrepreneursummit.com,"78,689",3,$47420,85,$27466,MEDIUM,Auto-Discovery,2026-02-22 16:27:07,Discovered via automated system. Proven marketing spend
Real Estate Investment Summit,Lisa Chen,2026-07-30,"Phoenix, AZ",Resort & Spa,589,$451.00,$15152,lisa.chen@realestateinves.com,570-921-2789,https://www.realestateinvestment.com,"27,059",12,$34220,81,$9091,MEDIUM,Auto-Discovery,2026-02-22 16:27:07,Discovered via automated system. Large audience base
Entrepreneur Summit,James Park,2026-06-27,"Houston, TX",Executive Resort,1030,$674.00,$28067,james.park@entrepreneursum.com,620-566-7635,https://www.entrepreneursummit.com,"111,740",20,$92321,98,$16840,HIGH,Auto-Discovery,2026-02-22 16:27:07,Discovered via automated system. High social media engagement
Entrepreneur Summit,Jessica Lee,2026-07-10,"Phoenix, AZ",Plaza Hotel,972,$725.00,$21027,jessica.lee@entrepreneursum.com,982-950-7443,https://www.entrepreneursummit.com,"101,909",7,$36123,86,$12616,MEDIUM,Auto-Discovery,2026-02-22 16:27:07,Discovered via automated system. Large audience base
Real Estate Riches Workshop,Mark Williams,2026-07-20,"Miami, FL",Convention Center,532,$493.00,$14883,mark.williams@realestateriche.com,385-666-8445,https://www.realestatericheswork.com,"45,995",19,$68315,81,$8930,MEDIUM,Auto-Discovery,2026-02-22 16:27:07,Discovered via automated system. Proven marketing spend
Real Estate Investment Summit,Robert Johnson,2026-08-19,"Dallas, TX",Resort & Spa,479,$482.00,$12874,robert.johnson@realestateinves.com,750-433-4014,https://www.realestateinvestment.com,"53,298",20,$61924,79,$7724,MEDIUM,Auto-Discovery,2026-02-22 16:27:07,Discovered via automated system. Proven marketing spend
Property Wealth Conference,Robert Johnson,2026-06-22,"Miami, FL",Convention Center,395,$480.00,$12227,robert.johnson@propertywealthc.com,662-242-8220,https://www.propertywealthconfer.com,"77,049",6,$75301,82,$7336,MEDIUM,Auto-Discovery,2026-02-22 16:32:28,Discovered via automated system. Large audience base
CEO Success Formula,Nicole Davis,2026-08-04,"San Diego, CA",Executive Resort,724,$655.00,$49925,nicole.davis@ceosuccessformu.com,298-452-6981,https://www.ceosuccessformula.com,"121,128",14,$61435,77,$29955,MEDIUM,Auto-Discovery,2026-02-22 16:32:28,Discovered via automated system. Proven marketing spend
High Ticket Closing Intensive,Michael Rodriguez,2026-04-11,"Denver, CO",Four Seasons,538,$667.00,$24800,michael.rodriguez@highticketclosi.com,749-279-4649,https://www.highticketclosingint.com,"37,870",14,$94445,71,$14880,LOW,Auto-Discovery,2026-02-22 16:32:28,Discovered via automated system. Strong previous event track record
REI Mastermind,Robert Johnson,2026-03-28,"Dallas, TX",Marriott Hotel,538,$368.00,$12716,robert.johnson@reimastermind.com,449-389-3306,https://www.reimastermind.com,"7,601",18,$57857,56,$7630,NURTURE,Auto-Discovery,2026-02-22 16:32:28,Discovered via automated system. Strong previous event track record
CEO Success Formula,James Park,2026-05-11,"Houston, TX",Executive Resort,1025,$853.00,$31845,james.park@ceosuccessformu.com,662-330-2529,https://www.ceosuccessformula.com,"29,600",6,$98995,78,$19107,MEDIUM,Auto-Discovery,2026-02-22 16:32:28,Discovered via automated system. Strong previous event track record
Real Estate Investment Summit,David Martinez,2026-07-12,"Atlanta, GA",Resort & Spa,381,$266.00,$17122,david.martinez@realestateinves.com,402-531-9864,https://www.realestateinvestment.com,"56,340",18,$66154,83,$10273,MEDIUM,Auto-Discovery,2026-02-22 16:32:28,Discovered via automated system. Proven marketing spend
Sales Domination Conference,Michael Rodriguez,2026-05-24,"Orlando, FL",Omni Hotel,623,$508.00,$26467,michael.rodriguez@salesdomination.com,247-379-3156,https://www.salesdominationconfe.com,"61,504",8,$39569,85,$15880,MEDIUM,Auto-Discovery,2026-02-22 16:38:29,Discovered via automated system. Strong previous event track record
Entrepreneur Summit,Ryan Miller,2026-04-29,"Chicago, IL",Plaza Hotel,727,$712.00,$45488,ryan.miller@entrepreneursum.com,251-306-5260,https://www.entrepreneursummit.com,"105,488",17,$96593,95,$27293,HIGH,Auto-Discovery,2026-02-22 16:38:29,Discovered via automated system. Strong previous event track record
Real Estate Investment Summit,David Martinez,2026-05-10,"Dallas, TX",Convention Center,467,$407.00,$17107,david.martinez@realestateinves.com,471-250-8739,https://www.realestateinvestment.com,"53,882",10,$30152,79,$10264,MEDIUM,Auto-Discovery,2026-02-22 16:38:29,Discovered via automated system. Proven marketing spend
REI Mastermind,Mark Williams,2026-04-25,"Tampa, FL",Marriott Hotel,447,$457.00,$22350,mark.williams@reimastermind.com,345-690-3905,https://www.reimastermind.com,"79,785",20,$38989,64,$13410,LOW,Auto-Discovery,2026-02-22 16:38:29,Discovered via automated system. Large audience base
Million Dollar Business Blueprint,Ryan Miller,2026-07-21,"Chicago, IL",Plaza Hotel,732,$826.00,$29619,ryan.miller@milliondollarbi.com,223-536-6086,https://www.milliondollarbizblue.com,"10,068",8,$78107,86,$17771,MEDIUM,Auto-Discovery,2026-02-22 16:38:29,Discovered via automated system. High social media engagement
Scale Your Business Workshop,Nicole Davis,2026-04-29,"Phoenix, AZ",Grand Hotel,737,$800.00,$25626,nicole.davis@scaleyourbizwor.com,410-637-6865,https://www.scaleyourbizworkshop.com,"70,560",6,$76735,92,$15376,HIGH,Auto-Discovery,2026-02-22 16:38:29,Discovered via automated system. Proven marketing spend
Sales Domination Conference,Alex Thompson,2026-04-22,"Las Vegas, NV",Hyatt Regency,653,$627.00,$30602,alex.thompson@salesdomination.com,991-978-4020,https://www.salesdominationconfe.com,"119,771",7,$77435,93,$18361,HIGH,Auto-Discovery,2026-02-22 16:38:29,Discovered via automated system. Premium pricing strategy
Sales Domination Conference,Kevin Chen,2026-06-24,"Orlando, FL",Four Seasons,768,$650.00,$32942,kevin.chen@salesdomination.com,564-731-7971,https://www.salesdominationconfe.com,"109,684",8,$61321,92,$19765,HIGH,Auto-Discovery,2026-02-22 16:38:29,Discovered via automated system. High social media engagement
Sales Domination Conference,Alex Thompson,2026-08-17,"Denver, CO",Four Seasons,638,$675.00,$17405,alex.thompson@salesdomination.com,429-563-4699,https://www.salesdominationconfe.com,"63,127",18,$64594,87,$10443,MEDIUM,Auto-Discovery,2026-02-22 16:41:53,Discovered via automated system. Proven marketing spend
Business Growth Conference,Jessica Lee,2026-03-29,"Chicago, IL",Executive Resort,1095,$728.00,$48127,jessica.lee@bizgrowthconfer.com,869-671-6238,https://www.bizgrowthconference.com,"32,125",17,$19117,80,$28876,MEDIUM,Auto-Discovery,2026-02-22 16:41:53,Discovered via automated system. Premium pricing strategy
Property Wealth Conference,Mark Williams,2026-05-20,"Tampa, FL",Convention Center,558,$429.00,$16722,mark.williams@propertywealthc.com,551-691-1348,https://www.propertywealthconfer.com,"107,486",13,$97145,93,$10033,HIGH,Auto-Discovery,2026-02-22 16:41:53,Discovered via automated system. Premium pricing strategy
Property Wealth Conference,Mark Williams,2026-04-23,"Phoenix, AZ",Convention Center,423,$415.00,$18890,mark.williams@propertywealthc.com,489-559-6829,https://www.propertywealthconfer.com,"32,357",10,$81561,82,$11334,MEDIUM,Auto-Discovery,2026-02-22 16:41:53,Discovered via automated system. High social media engagement
Closing Mastery Workshop,Jennifer Kim,2026-05-29,"Orlando, FL",Hyatt Regency,867,$548.00,$29572,jennifer.kim@closingmasteryw.com,606-822-8016,https://www.closingmasteryworksh.com,"113,039",11,$82287,95,$17743,HIGH,Auto-Discovery,2026-02-22 16:41:53,Discovered via automated system. Premium pricing strategy
Revenue Growth Summit,Alex Thompson,2026-06-07,"Austin, TX",Hyatt Regency,581,$640.00,$25920,alex.thompson@revenuegrowthsu.com,592-614-8615,https://www.revenuegrowthsummit.com,"34,113",2,$23897,79,$15552,MEDIUM,Auto-Discovery,2026-02-22 16:41:53,Discovered via automated system. Premium pricing strategy
Sales Excellence Bootcamp,Kevin Chen,2026-06-04,"Austin, TX",Four Seasons,822,$522.00,$25353,kevin.chen@salesexcellence.com,835-257-5669,https://www.salesexcellencebootc.com,"65,953",3,$35861,85,$15212,MEDIUM,Auto-Discovery,2026-02-22 16:41:53,Discovered via automated system. Large audience base
High Ticket Closing Intensive,Michael Rodriguez,2026-07-28,"Nashville, TN",Hyatt Regency,542,$577.00,$25816,michael.rodriguez@highticketclosi.com,222-214-2435,https://www.highticketclosingint.com,"55,892",16,$85421,77,$15490,MEDIUM,Auto-Discovery,2026-02-22 16:41:53,Discovered via automated system. Large audience base
CEO Success Formula,Nicole Davis,2026-07-14,"Houston, TX",Convention Center,824,$737.00,$28085,nicole.davis@ceosuccessformu.com,414-419-1114,https://www.ceosuccessformula.com,"58,767",17,$17234,66,$16851,LOW,Auto-Discovery,2026-02-22 16:44:12,Discovered via automated system. Proven marketing spend
Sales Excellence Bootcamp,Maria Gonzalez,2026-08-21,"Orlando, FL",Four Seasons,873,$654.00,$31200,maria.gonzalez@salesexcellence.com,904-822-3952,https://www.salesexcellencebootc.com,"16,988",18,$42628,79,$18720,MEDIUM,Auto-Discovery,2026-02-22 16:44:12,Discovered via automated system. Strong previous event track record
Business Growth Conference,Jessica Lee,2026-05-11,"Houston, TX",Business Center,751,$703.00,$34459,jessica.lee@bizgrowthconfer.com,648-698-3502,https://www.bizgrowthconference.com,"20,046",20,$64838,83,$20675,MEDIUM,Auto-Discovery,2026-02-22 16:44:12,Discovered via automated system. Premium pricing strategy
Closing Mastery Workshop,Michael Rodriguez,2026-04-13,"Las Vegas, NV",Omni Hotel,834,$554.00,$27652,michael.rodriguez@closingmasteryw.com,596-550-7595,https://www.closingmasteryworksh.com,"18,309",6,$25081,77,$16591,MEDIUM,Auto-Discovery,2026-02-22 16:44:12,Discovered via automated system. Strong previous event track record
Scale Your Business Workshop,Jessica Lee,2026-08-06,"Chicago, IL",Grand Hotel,837,$809.00,$21806,jessica.lee@scaleyourbizwor.com,228-955-5375,https://www.scaleyourbizworkshop.com,"29,712",11,$68799,85,$13084,MEDIUM,Auto-Discovery,2026-02-22 16:44:12,Discovered via automated system. Proven marketing spend
REI Mastermind,Lisa Chen,2026-03-29,"Miami, FL",Resort & Spa,442,$488.00,$15752,lisa.chen@reimastermind.com,502-244-9276,https://www.reimastermind.com,"13,090",3,$46311,56,$9451,NURTURE,Auto-Discovery,2026-02-22 16:44:12,Discovered via automated system. Proven marketing spend
Sales Excellence Bootcamp,Jennifer Kim,2026-08-05,"Orlando, FL",Renaissance,831,$599.00,$28213,jennifer.kim@salesexcellence.com,883-243-9246,https://www.salesexcellencebootc.com,"119,313",11,$35510,88,$16928,MEDIUM,Auto-Discovery,2026-02-22 16:44:12,Discovered via automated system. Premium pricing strategy
Scale Your Business Workshop,Jessica Lee,2026-06-12,"Houston, TX",Business Center,714,$752.00,$36825,jessica.lee@scaleyourbizwor.com,390-494-6840,https://www.scaleyourbizworkshop.com,"66,315",20,$27675,85,$22095,MEDIUM,Auto-Discovery,2026-02-22 16:44:12,Discovered via automated system. Premium pricing strategy
Closing Mastery Workshop,Kevin Chen,2026-07-18,"Austin, TX",MGM Grand,876,$576.00,$20431,kevin.chen@closingmasteryw.com,990-376-3237,https://www.closingmasteryworksh.com,"116,332",19,$60498,90,$12259,HIGH,Auto-Discovery,2026-02-22 16:44:12,Discovered via automated system. Strong previous event track record
Real Estate Riches Workshop,David Martinez,2026-08-20,"Phoenix, AZ",Resort & Spa,333,$275.00,$13575,david.martinez@realestateriche.com,605-496-1323,https://www.realestatericheswork.com,"115,395",2,$93326,85,$8145,MEDIUM,Auto-Discovery,2026-02-22 16:44:12,Discovered via automated system. Premium pricing strategy
REI Mastermind,David Martinez,2026-04-17,"Miami, FL",Marriott Hotel,587,$474.00,$20534,david.martinez@reimastermind.com,755-996-4989,https://www.reimastermind.com,"48,482",4,$70822,68,$12320,LOW,Auto-Discovery,2026-02-22 16:44:12,Discovered via automated system. Premium pricing strategy
Property Wealth Conference,Mark Williams,2026-07-21,"Phoenix, AZ",Hilton Downtown,643,$282.00,$13038,mark.williams@propertywealthc.com,796-621-8654,https://www.propertywealthconfer.com,"38,239",16,$73953,81,$7823,MEDIUM,Auto-Discovery,2026-02-22 16:44:12,Discovered via automated system. Large audience base
Sales Excellence Bootcamp,Michael Rodriguez,2026-05-14,"Las Vegas, NV",Renaissance,801,$656.00,$15512,michael.rodriguez@salesexcellence.com,316-744-6133,https://www.salesexcellencebootc.com,"65,968",17,$16610,79,$9307,MEDIUM,Auto-Discovery,2026-02-22 17:14:12,Discovered via automated system. Large audience base
Entrepreneur Summit,Nicole Davis,2026-05-01,"Chicago, IL",Plaza Hotel,1096,$648.00,$40169,nicole.davis@entrepreneursum.com,279-790-8634,https://www.entrepreneursummit.com,"53,904",3,$28943,88,$24101,MEDIUM,Auto-Discovery,2026-02-22 17:14:12,Discovered via automated system. High social media engagement
Property Profits Bootcamp,Robert Johnson,2026-05-29,"Miami, FL",Resort & Spa,301,$475.00,$24549,robert.johnson@propertyprofits.com,912-665-5384,https://www.propertyprofitsbootc.com,"7,323",18,$71584,73,$14729,LOW,Auto-Discovery,2026-02-22 17:14:12,Discovered via automated system. Strong previous event track record
Real Estate Investment Summit,David Martinez,2026-03-25,"Tampa, FL",Marriott Hotel,425,$256.00,$15521,david.martinez@realestateinves.com,647-856-3115,https://www.realestateinvestment.com,"80,538",15,$86706,84,$9313,MEDIUM,Auto-Discovery,2026-02-22 17:14:12,Discovered via automated system. Proven marketing spend
Revenue Growth Summit,Michael Rodriguez,2026-05-25,"Denver, CO",Hyatt Regency,748,$665.00,$31409,michael.rodriguez@revenuegrowthsu.com,257-940-2340,https://www.revenuegrowthsummit.com,"96,028",4,$19837,81,$18845,MEDIUM,Auto-Discovery,2026-02-22 17:14:12,Discovered via automated system. High social media engagement
Real Estate Riches Workshop,Robert Johnson,2026-07-26,"Miami, FL",Convention Center,372,$367.00,$23569,robert.johnson@realestateriche.com,510-948-9033,https://www.realestatericheswork.com,"67,846",15,$99029,86,$14141,MEDIUM,Auto-Discovery,2026-02-22 17:14:12,Discovered via automated system. Proven marketing spend
REI Mastermind,Mark Williams,2026-07-29,"Atlanta, GA",Resort & Spa,464,$274.00,$23920,mark.williams@reimastermind.com,473-908-3235,https://www.reimastermind.com,"20,777",2,$35471,58,$14352,NURTURE,Auto-Discovery,2026-02-22 17:14:12,Discovered via automated system. Proven marketing spend
Revenue Growth Summit,Kevin Chen,2026-05-31,"Austin, TX",Four Seasons,780,$467.00,$19566,kevin.chen@revenuegrowthsu.com,460-425-6821,https://www.revenuegrowthsummit.com,"103,238",20,$52244,90,$11740,HIGH,Auto-Discovery,2026-02-22 17:44:12,Discovered via automated system. Strong previous event track record
CEO Success Formula,Amanda Foster,2026-06-25,"Phoenix, AZ",Executive Resort,959,$668.00,$24566,amanda.foster@ceosuccessformu.com,668-781-4064,https://www.ceosuccessformula.com,"103,461",19,$21090,67,$14740,LOW,Auto-Discovery,2026-02-22 17:44:12,Discovered via automated system. High social media engagement
Business Growth Conference,Jessica Lee,2026-05-17,"Phoenix, AZ",Executive Resort,998,$664.00,$36536,jessica.lee@bizgrowthconfer.com,267-878-5867,https://www.bizgrowthconference.com,"88,848",16,$81509,92,$21922,HIGH,Auto-Discovery,2026-02-22 17:44:12,Discovered via automated system. Large audience base
Real Estate Riches Workshop,Sarah Thompson,2026-08-15,"Tampa, FL",Sheraton,609,$442.00,$12665,sarah.thompson@realestateriche.com,322-421-8982,https://www.realestatericheswork.com,"47,672",10,$92511,84,$7599,MEDIUM,Auto-Discovery,2026-02-22 17:44:12,Discovered via automated system. High social media engagement
Real Estate Investment Summit,Mark Williams,2026-07-24,"Tampa, FL",Hilton Downtown,691,$400.00,$14072,mark.williams@realestateinves.com,790-847-8547,https://www.realestateinvestment.com,"78,318",7,$75721,86,$8443,MEDIUM,Auto-Discovery,2026-02-22 17:44:12,Discovered via automated system. High social media engagement
Business Growth Conference,James Park,2026-04-19,"Seattle, WA",Grand Hotel,833,$748.00,$37468,james.park@bizgrowthconfer.com,470-358-9234,https://www.bizgrowthconference.com,"65,476",18,$39282,83,$22481,MEDIUM,Auto-Discovery,2026-02-22 17:44:12,Discovered via automated system. Large audience base
Revenue Growth Summit,Jennifer Kim,2026-05-22,"Orlando, FL",MGM Grand,778,$653.00,$31335,jennifer.kim@revenuegrowthsu.com,454-844-2414,https://www.revenuegrowthsummit.com,"86,130",10,$35396,85,$18801,MEDIUM,Auto-Discovery,2026-02-22 17:44:12,Discovered via automated system. Proven marketing spend
Closing Mastery Workshop,Maria Gonzalez,2026-06-28,"Austin, TX",MGM Grand,513,$534.00,$28769,maria.gonzalez@closingmasteryw.com,961-820-3760,https://www.closingmasteryworksh.com,"24,610",18,$89928,86,$17261,MEDIUM,Auto-Discovery,2026-02-22 17:44:12,Discovered via automated system. Large audience base
Closing Mastery Workshop,Michael Rodriguez,2026-04-21,"Orlando, FL",Hyatt Regency,553,$541.00,$22529,michael.rodriguez@closingmasteryw.com,666-680-6292,https://www.closingmasteryworksh.com,"90,086",4,$57859,85,$13517,MEDIUM,Auto-Discovery,2026-02-22 17:44:12,Discovered via automated system. Strong previous event track record
Million Dollar Business Blueprint,Nicole Davis,2026-06-15,"Chicago, IL",Executive Resort,895,$723.00,$32820,nicole.davis@milliondollarbi.com,828-848-2651,https://www.milliondollarbizblue.com,"100,649",13,$59902,92,$19692,HIGH,Auto-Discovery,2026-02-22 17:44:12,Discovered via automated system. Strong previous event track record
Sales Excellence Bootcamp,Maria Gonzalez,2026-04-06,"Austin, TX",Omni Hotel,654,$529.00,$27748,maria.gonzalez@salesexcellence.com,832-409-5388,https://www.salesexcellencebootc.com,"90,126",5,$61676,87,$16649,MEDIUM,Auto-Discovery,2026-02-22 17:44:12,Discovered via automated system. Strong previous event track record
High Ticket Closing Intensive,Maria Gonzalez,2026-06-26,"Denver, CO",MGM Grand,623,$586.00,$26469,maria.gonzalez@highticketclosi.com,337-284-4820,https://www.highticketclosingint.com,"97,146",6,$32677,70,$15881,LOW,Auto-Discovery,2026-02-22 18:14:12,Discovered via automated system. Premium pricing strategy
Sales Domination Conference,Alex Thompson,2026-04-10,"Austin, TX",Omni Hotel,654,$456.00,$34899,alex.thompson@salesdomination.com,872-734-9709,https://www.salesdominationconfe.com,"86,478",18,$75827,90,$20939,HIGH,Auto-Discovery,2026-02-22 18:14:12,Discovered via automated system. Strong previous event track record
Closing Mastery Workshop,Kevin Chen,2026-04-09,"Orlando, FL",Renaissance,795,$591.00,$32239,kevin.chen@closingmasteryw.com,840-407-7711,https://www.closingmasteryworksh.com,"9,209",3,$19014,69,$19343,LOW,Auto-Discovery,2026-02-22 18:14:12,Discovered via automated system. Proven marketing spend
Closing Mastery Workshop,Maria Gonzalez,2026-08-05,"Orlando, FL",Hyatt Regency,848,$550.00,$30348,maria.gonzalez@closingmasteryw.com,243-336-9201,https://www.closingmasteryworksh.com,"18,511",13,$27376,79,$18209,MEDIUM,Auto-Discovery,2026-02-22 18:14:12,Discovered via automated system. Large audience base
Revenue Growth Summit,Jennifer Kim,2026-07-02,"Nashville, TN",Omni Hotel,535,$665.00,$30828,jennifer.kim@revenuegrowthsu.com,324-474-7268,https://www.revenuegrowthsummit.com,"91,548",3,$82062,92,$18497,HIGH,Auto-Discovery,2026-02-22 18:14:12,Discovered via automated system. Proven marketing spend
Sales Excellence Bootcamp,Maria Gonzalez,2026-07-19,"Las Vegas, NV",Renaissance,819,$575.00,$21873,maria.gonzalez@salesexcellence.com,679-882-6214,https://www.salesexcellencebootc.com,"81,129",16,$80643,90,$13124,HIGH,Auto-Discovery,2026-02-22 18:14:12,Discovered via automated system. Strong previous event track record
Entrepreneur Summit,James Park,2026-07-28,"Seattle, WA",Plaza Hotel,858,$859.00,$21545,james.park@entrepreneursum.com,884-329-8550,https://www.entrepreneursummit.com,"95,792",3,$28639,83,$12927,MEDIUM,Auto-Discovery,2026-02-22 18:44:12,Discovered via automated system. High social media engagement
Closing Mastery Workshop,Alex Thompson,2026-06-03,"Nashville, TN",MGM Grand,567,$524.00,$26824,alex.thompson@closingmasteryw.com,470-997-4683,https://www.closingmasteryworksh.com,"31,169",9,$27219,83,$16094,MEDIUM,Auto-Discovery,2026-02-22 18:44:12,Discovered via automated system. High social media engagement
Sales Domination Conference,Alex Thompson,2026-05-28,"Orlando, FL",Renaissance,555,$454.00,$28024,alex.thompson@salesdomination.com,985-408-5320,https://www.salesdominationconfe.com,"107,561",15,$69522,92,$16814,HIGH,Auto-Discovery,2026-02-22 18:44:12,Discovered via automated system. Premium pricing strategy
Sales Excellence Bootcamp,Kevin Chen,2026-05-11,"Austin, TX",Four Seasons,565,$558.00,$24782,kevin.chen@salesexcellence.com,845-702-1263,https://www.salesexcellencebootc.com,"39,874",16,$67200,85,$14869,MEDIUM,Auto-Discovery,2026-02-22 18:44:12,Discovered via automated system. Strong previous event track record
Property Wealth Conference,Lisa Chen,2026-06-08,"Phoenix, AZ",Hilton Downtown,696,$410.00,$22963,lisa.chen@propertywealthc.com,969-465-7305,https://www.propertywealthconfer.com,"79,260",16,$23749,79,$13778,MEDIUM,Auto-Discovery,2026-02-22 18:44:12,Discovered via automated system. Strong previous event track record
Property Wealth Conference,Lisa Chen,2026-03-31,"Dallas, TX",Resort & Spa,674,$275.00,$13678,lisa.chen@propertywealthc.com,345-231-1800,https://www.propertywealthconfer.com,"101,174",7,$96255,87,$8207,MEDIUM,Auto-Discovery,2026-02-22 18:44:12,Discovered via automated system. Premium pricing strategy
Sales Excellence Bootcamp,Michael Rodriguez,2026-04-30,"Denver, CO",MGM Grand,532,$690.00,$28672,michael.rodriguez@salesexcellence.com,513-431-9448,https://www.salesexcellencebootc.com,"53,697",11,$44847,85,$17203,MEDIUM,Auto-Discovery,2026-02-22 19:14:13,Discovered via automated system. High social media engagement
Closing Mastery Workshop,Michael Rodriguez,2026-04-30,"Las Vegas, NV",Four Seasons,638,$452.00,$28430,michael.rodriguez@closingmasteryw.com,440-466-9043,https://www.closingmasteryworksh.com,"33,906",14,$31556,83,$17058,MEDIUM,Auto-Discovery,2026-02-22 19:14:13,Discovered via automated system. Strong previous event track record
Entrepreneur Summit,James Park,2026-07-16,"Houston, TX",Executive Resort,772,$662.00,$47348,james.park@entrepreneursum.com,371-591-5436,https://www.entrepreneursummit.com,"33,634",6,$21728,79,$28409,MEDIUM,Auto-Discovery,2026-02-22 19:14:13,Discovered via automated system. High social media engagement
Revenue Growth Summit,Jennifer Kim,2026-04-08,"Orlando, FL",Omni Hotel,559,$550.00,$17726,jennifer.kim@revenuegrowthsu.com,745-710-9029,https://www.revenuegrowthsummit.com,"6,416",13,$15374,67,$10636,LOW,Auto-Discovery,2026-02-22 19:14:13,Discovered via automated system. Proven marketing spend
Real Estate Riches Workshop,Lisa Chen,2026-06-25,"Miami, FL",Sheraton,620,$487.00,$21760,lisa.chen@realestateriche.com,614-314-4465,https://www.realestatericheswork.com,"78,810",12,$16139,79,$13056,MEDIUM,Auto-Discovery,2026-02-22 19:14:13,Discovered via automated system. High social media engagement
Closing Mastery Workshop,Kevin Chen,2026-07-01,"Denver, CO",Hyatt Regency,897,$690.00,$16537,kevin.chen@closingmasteryw.com,955-696-5197,https://www.closingmasteryworksh.com,"59,176",8,$48776,83,$9922,MEDIUM,Auto-Discovery,2026-02-22 19:14:13,Discovered via automated system. High social media engagement
Revenue Growth Summit,Alex Thompson,2026-07-19,"Austin, TX",Omni Hotel,775,$642.00,$33945,alex.thompson@revenuegrowthsu.com,231-289-9285,https://www.revenuegrowthsummit.com,"54,051",6,$39334,85,$20367,MEDIUM,Auto-Discovery,2026-02-22 19:44:13,Discovered via automated system. Proven marketing spend
Entrepreneur Summit,Jessica Lee,2026-08-20,"Houston, TX",Business Center,1072,$740.00,$31218,jessica.lee@entrepreneursum.com,717-827-4484,https://www.entrepreneursummit.com,"30,601",18,$89695,93,$18731,HIGH,Auto-Discovery,2026-02-22 19:44:13,Discovered via automated system. Strong previous event track record
Business Growth Conference,Nicole Davis,2026-05-02,"Phoenix, AZ",Plaza Hotel,1027,$694.00,$48720,nicole.davis@bizgrowthconfer.com,978-491-8761,https://www.bizgrowthconference.com,"52,803",18,$18536,84,$29232,MEDIUM,Auto-Discovery,2026-02-22 19:44:13,Discovered via automated system. Large audience base
Property Wealth Conference,Mark Williams,2026-08-10,"Atlanta, GA",Hilton Downtown,613,$285.00,$12782,mark.williams@propertywealthc.com,485-822-7000,https://www.propertywealthconfer.com,"33,462",13,$64574,81,$7669,MEDIUM,Auto-Discovery,2026-02-22 19:44:13,Discovered via automated system. Strong previous event track record
Real Estate Riches Workshop,Lisa Chen,2026-06-12,"Phoenix, AZ",Resort & Spa,348,$273.00,$18361,lisa.chen@realestateriche.com,226-801-8449,https://www.realestatericheswork.com,"113,766",5,$81772,89,$11017,MEDIUM,Auto-Discovery,2026-02-22 19:44:13,Discovered via automated system. Large audience base
Property Wealth Conference,David Martinez,2026-04-25,"Tampa, FL",Marriott Hotel,542,$438.00,$23078,david.martinez@propertywealthc.com,901-584-6960,https://www.propertywealthconfer.com,"98,670",10,$72381,87,$13847,MEDIUM,Auto-Discovery,2026-02-22 19:44:13,Discovered via automated system. Large audience base
Business Growth Conference,Nicole Davis,2026-08-12,"San Diego, CA",Executive Resort,834,$850.00,$22226,nicole.davis@bizgrowthconfer.com,595-305-4051,https://www.bizgrowthconference.com,"110,528",2,$32868,86,$13336,MEDIUM,Auto-Discovery,2026-02-22 19:44:13,Discovered via automated system. Premium pricing strategy
Entrepreneur Summit,James Park,2026-06-15,"Seattle, WA",Grand Hotel,818,$649.00,$34292,james.park@entrepreneursum.com,769-894-1233,https://www.entrepreneursummit.com,"120,948",3,$81045,95,$20575,HIGH,Auto-Discovery,2026-02-22 19:44:13,Discovered via automated system. Large audience base
Sales Domination Conference,Maria Gonzalez,2026-06-05,"Las Vegas, NV",Hyatt Regency,876,$590.00,$33671,maria.gonzalez@salesdomination.com,980-539-6136,https://www.salesdominationconfe.com,"87,206",2,$68906,89,$20203,MEDIUM,Auto-Discovery,2026-02-22 19:44:13,Discovered via automated system. Large audience base
Business Growth Conference,Ryan Miller,2026-07-04,"Seattle, WA",Business Center,995,$872.00,$37347,ryan.miller@bizgrowthconfer.com,833-743-7856,https://www.bizgrowthconference.com,"29,551",10,$93598,90,$22408,HIGH,Auto-Discovery,2026-02-22 19:44:13,Discovered via automated system. Premium pricing strategy
Business Growth Conference,Ryan Miller,2026-05-05,"Chicago, IL",Plaza Hotel,782,$843.00,$41129,ryan.miller@bizgrowthconfer.com,664-796-5306,https://www.bizgrowthconference.com,"105,653",6,$98236,95,$24677,HIGH,Auto-Discovery,2026-02-22 19:44:13,Discovered via automated system. High social media engagement
Million Dollar Business Blueprint,Jessica Lee,2026-07-08,"Seattle, WA",Convention Center,767,$818.00,$46649,jessica.lee@milliondollarbi.com,596-851-8633,https://www.milliondollarbizblue.com,"24,748",16,$85278,86,$27989,MEDIUM,Auto-Discovery,2026-02-22 19:44:13,Discovered via automated system. Proven marketing spend
